HEADERID,LINEITEMNUMBER,ITEMNAME,ITEMCODE,TRADINGGROUP,DESTINATIONORG,DONATEDQUANTITY,PROP1,PROP2,PROP3,PROP4,PROP5,PROP6,PROP7,PROP8,PROP9,PROP10,PROP11,PROP12,PROP13,PROP14,PROP16,PROP17,PROP18,PROP19,PROP20,NOTIFY,PROP15,STATUS,ACCEPTEDQUANTITY,ACCEPTEDDATE,RECEIPTEDQUANTITY,RECEIPTEDDATE,DESTINATIONORGNAME,COMMENTS,USERID,USERFIRSTNAME,USERLASTNAME,USEREMAIL,RPROP1,RPROP2,RPROP3,RPROP4,RPROP5,RPROP6,RPROP7,RPROP8,RPROP9,RPROP10,RPROP11,RPROP12,RPROP13,RPROP14,RPROP15,NUTRITIONALCODE,FOODSOURCE,FEATURETYPE
003001-20740,2,Apples R 12/3 lbs D,10052,,,0.0,CS,1680,0,CASE,,,0,,,,,,,,,,,,,,,1,42.0,20040610.0,,,,,,,,,0,,,,,,,,,,,,,,,,,
003001-20740,3,Potatoes 1/10 lb Bag (D),10097,,,0.0,EA,2000,0,BAG,,,0,,,,,,,,,,,,,,,1,200.0,20040610.0,,,,,,,,,0,,,,,,,,,,,,,,,,,
003001-20740,4,Asst Punch 4/128oz (R),11874,,,0.0,CS,1900,0,CASE,,REF,0,,,,,,,,,,,,,,,1,50.0,20040610.0,,,,,,,,,0,,,,,,,,,,,,,,,,,
003001-20740,5,General Reclamation D Bulk Box,40004,,,0.0,LB,8039,0,BULKBOX,,,0,,,,,,,,,,,,,,,1,8039.0,20040610.0,,,,,,,,,0,,,,,,,,,,,,,,,,,
003001-20740,6,Orange Pumkin PoPs 24count,12303,,,0.0,CS,704,0,CASE,,DRY,0,,,,,,,,,,,,,,,1,32.0,20040610.0,,,,,,,,,0,,,,,,,,,,,,,,,,,
003001-20740,7,Waffle Cones 216/count (D),12272,,,0.0,CS,320,0,CASE,,DRY,0,,,,,,,,,,,,,,,1,20.0,20040610.0,,,,,,,,,0,,,,,,,,,,,,,,,,,
003001-20740,8,Boxed Canned Vegeies Bulk Box(D),50011,,,0.0,CS,1080,0,CASE,,,0,,,,,,,,,,,,,,,1,27.0,20040610.0,,,,,,,,,0,,,,,,,,,,,,,,,,,
003001-20740,9,USDA Non Fat Dry Milk 12/25.6oz (D),60126,,,0.0,CS,1188,0,CASE,,DRY,0,,,,,,,,,,,,,,,1,54.0,20040610.0,,,,,,,,,0,,,,,,,,,,,,,,,,,
003001-20738,2,Purchase Sliced Cheese 12/10oz(R),65794,,,0.0,CS,10,8.84,CASE,,REF,0,,,,,,,,,,,,,,,1,1.0,20040610.0,,,,,,,,,8.84,,,,,,,,,,,,,,,,,
003001-20738,3,Purchase Fruit Cocktail 24/15oz(D),65743,,,0.0,CS,26,14,CASE,,DRY,0,,,,,,,,,,,,,,,1,1.0,20040610.0,,,,,,,,,14,,,,,,,,,,,,,,,,,
003001-20738,4,USDA Spaghetti 12/2lbs (D),60128,,,0.0,CS,24,3.36,CASE,,DRY,0,,,,,,,,,,,,,,,1,1.0,20040610.0,,,,,,,,,3.36,,,,,,,,,,,,,,,,,
003001-20738,5,Purchase Hot Dog 24-1lbs,65817,,,0.0,CS,24,16.16,CASE,,FROZEN,0,,,,,,,,,,,,,,,1,1.0,20040610.0,,,,,,,,,16.16,,,,,,,,,,,,,,,,,
003001-20738,6,Kosher Spears Pickle 4-128oz(D),12161,,,0.0,CS,45,8.1,CASE,,DRY,0,,,,,,,,,,,,,,,1,1.0,20040610.0,,,,,,,,,8.1,,,,,,,,,,,,,,,,,
003001-20738,7,Asst. Snapple Drink 12/8oz(D),12208,,,0.0,CS,90,2.7,CASE,,DRY,0,,,,,,,,,,,,,,,1,6.0,20040610.0,,,,,,,,,16.2,,,,,,,,,,,,,,,,,
003001-20738,8,Powerade drink 12/32oz(D),12248,,,0.0,CS,90,5.4,CASE,,DRY,0,,,,,,,,,,,,,,,1,3.0,20040610.0,,,,,,,,,16.2,,,,,,,,,,,,,,,,,
003001-20738,9,Nacho Flavor Gold Fish 24/7.2oz(D),12160,,,0.0,CS,13,2.34,CASE,,DRY,0,,,,,,,,,,,,,,,1,1.0,20040610.0,,,,,,,,,2.34,,,,,,,,,,,,,,,,,
003001-20738,10,Power Bars Bites size8/1.76oz,12266,,,0.0,CS,14,2.52,CASE,,DRY,0,,,,,,,,,,,,,,,1,1.0,20040610.0,,,,,,,,,2.52,,,,,,,,,,,,,,,,,
003001-20738,11,Baby Ruth,12293,,,0.0,CS,64,5.76,CASE,,DRY,0,,,,,,,,,,,,,,,1,2.0,20040610.0,,,,,,,,,11.52,,,,,,,,,,,,,,,,,
003001-20738,12,Purchase Assorted Lunch Meat 12-8 oz,65810,,,0.0,CS,13,8.1206,CASE,,FROZEN,0,,,,,,,,,,,,,,,1,1.0,20040610.0,,,,,,,,,8.12,,,,,,,,,,,,,,,,,
003001-20738,13,Schafer Bread,50020,,,0.0,LB,20,0,BAG,,,0,,,,,,,,,,,,,,,1,20.0,20040610.0,,,,,,,,,0,,,,,,,,,,,,,,,,,
003001-20738,14,General Reclamation D Bulk Box,40004,,,0.0,LB,25,0.18,BULKBOX,,,0,,,,,,,,,,,,,,,1,25.0,20040610.0,,,,,,,,,4.5,,,,,,,,,,,,,,,,,
003001-22838,4,Assorted Milk N Dairy,40001,,,0.0,LB,2628,0,CASE,,,0,,,,,,,,,,,,,,,1,2628.0,20040806.0,,,,,,,,,0,,,,,,,,,,,,,,,,,
003001-22838,5,Sausage/biscuit (baked)2/6 lb(Z),12372,,,0.0,CS,840,0,CASE,,FROZEN,0,,,,,,,,,,,,,,,1,70.0,20040806.0,,,,,,,,,0,,,,,,,,,,,,,,,,,
003001-22838,6,Nescafe Frothe 6/8.47oz,12445,,,0.0,CS,512,0,CASE,,DRY,0,,,,,,,,,,,,,,,1,128.0,20040806.0,,,,,,,,,0,,,,,,,,,,,,,,,,,
003001-22838,7,Quaker Oats 12/42oz,12360,,,0.0,CS,864,0,CASE,,DRY,0,,,,,,,,,,,,,,,1,24.0,20040806.0,,,,,,,,,0,,,,,,,,,,,,,,,,,
003001-22838,8,Pedia Sure 24/8oz,12475,,,0.0,CS,2400,0,CASE,,DRY,0,,,,,,,,,,,,,,,1,150.0,20040806.0,,,,,,,,,0,,,,,,,,,,,,,,,,,
003001-22838,9,General Reclamation D Bulk Box,40004,,,0.0,LB,1080,0,BULKBOX,,,0,,,,,,,,,,,,,,,1,1080.0,20040806.0,,,,,,,,,0,,,,,,,,,,,,,,,,,
0010260765,3,Fabric Softner Sheets,DY13049,,,0.0,CASE,8,0.56,,15/25 ct.,DRY,0,,,,,,,,,,,,,,,1,2.0,20040806.0,,,,,,,,,1.12,,,,,,,,,,,,,,,,,
0010260765,4,Berry Juicy Juice,DY14054,,,0.0,CASE,84,2.8,,8/46oz.,DRY,0,,,,,,,,,,,,,,,1,3.0,20040806.0,,,,,,,,,8.4,,,,,,,,,,,,,,,,,
0010260765,5,Alfredo Sauce,DY26116,,,0.0,CASE,42,2.1,,4/4lb.8oz,FROZEN,0,,,,,,,,,,,,,,,1,2.0,20040806.0,,,,,,,,,4.2,,,,,,,,,,,,,,,,,
0010260765,6,Crisscut Potatoes,DY27062,,,0.0,CASE,44,2.2,,12/24oz,FROZEN,0,,,,,,,,,,,,,,,1,2.0,20040806.0,,,,,,,,,4.4,,,,,,,,,,,,,,,,,
0010260765,7,Whole Kernel Corn (repacked),DY27071,,,0.0,CASE,23,2.3,,3/#10 Cans,DRY,0,,,,,,,,,,,,,,,1,1.0,20040806.0,,,,,,,,,2.3,,,,,,,,,,,,,,,,,
0010260765,8,Roasted Vegetables,DY27072,,,0.0,CASE,16,1.6,,28/8oz.,FROZEN,0,,,,,,,,,,,,,,,1,1.0,20040806.0,,,,,,,,,1.6,,,,,,,,,,,,,,,,,
0010260765,9,Creamed Spinach,DY27073,,,0.0,CASE,24,2.4,,4/6lb.,FROZEN,0,,,,,,,,,,,,,,,1,1.0,20040806.0,,,,,,,,,2.4,,,,,,,,,,,,,,,,,
0010260818,2,Yams,W27020,,,0.0,CASE,56,11.72,,24/15 oz,DRY,11.72,,,,,,,,,,,,,,,1,2.0,20040806.0,,,,,,,,,23.44,,,,,,,,,,,,,,,,,
0010260818,3,"Potatoes, Sliced",W27017,,,0.0,CASE,81,11.69,,24/15 oz,DRY,11.69,,,,,,,,,,,,,,,1,3.0,20040806.0,,,,,,,,,35.07,,,,,,,,,,,,,,,,,
0010260818,4,Mixed Vegetables,W27012,,,0.0,CASE,135,14.33,,24/15 oz,DRY,14.33,,,,,,,,,,,,,,,1,5.0,20040806.0,,,,,,,,,71.65,,,,,,,,,,,,,,,,,
0010260818,5,"Beans, Pinto",W23017,,,0.0,CASE,135,9.19,,24/15 oz,DRY,9.19,,,,,,,,,,,,,,,1,5.0,20040806.0,,,,,,,,,45.95,,,,,,,,,,,,,,,,,
0010260818,6,"Beans, Black",W23011,,,0.0,CASE,125,11.5,,24/1lb pkg,DRY,11.5,,,,,,,,,,,,,,,1,5.0,20040806.0,,,,,,,,,57.5,,,,,,,,,,,,,,,,,
003001-22844,2,Gardetto Italian mix 6-14oz,12453,,,0.0,CS,22,1.98,CASE,,DRY,0,,,,,,,,,,,,,,,1,2.0,20040806.0,,,,,,,,,3.96,,,,,,,,,,,,,,,,,
003001-22844,3,Drink Pouches 4-10 Pouches,12462,,,0.0,CS,80,3.6,CASE,,DRY,0,,,,,,,,,,,,,,,1,4.0,20040806.0,,,,,,,,,14.4,,,,,,,,,,,,,,,,,
003001-22844,4,Grahams  30 Count,12427,,,0.0,CS,66,1.98,CASE,,DRY,0,,,,,,,,,,,,,,,1,6.0,20040806.0,,,,,,,,,11.88,,,,,,,,,,,,,,,,,
003001-22844,5,Goldfish 24/6.6oz,12480,,,0.0,CS,72,2.16,CASE,,DRY,0,,,,,,,,,,,,,,,1,6.0,20040806.0,,,,,,,,,12.96,,,,,,,,,,,,,,,,,
003001-22844,6,Tropicana Juice 24/14oz,12441,,,0.0,CS,184,4.14,CASE,,REF,0,,,,,,,,,,,,,,,1,8.0,20040806.0,,,,,,,,,33.12,,,,,,,,,,,,,,,,,
003001-22844,7,Cheese Crackers 120/1.38oz,12371,,,0.0,CS,120,2.16,CASE,,DRY,0,,,,,,,,,,,,,,,1,10.0,20040806.0,,,,,,,,,21.6,,,,,,,,,,,,,,,,,
003001-22844,8,Raisnets 36/3.5oz,12437,,,0.0,CS,100,1.8,CASE,,DRY,0,,,,,,,,,,,,,,,1,10.0,20040806.0,,,,,,,,,18,,,,,,,,,,,,,,,,,
003001-22844,9,Caramel Nut Popcorn 36/2.oz (D),12349,,,0.0,CS,105,1.26,CASE,,DRY,0,,,,,,,,,,,,,,,1,15.0,20040806.0,,,,,,,,,18.9,,,,,,,,,,,,,,,,,
003001-22844,10,Fruit Rollups 96-5oz,12456,,,0.0,CS,80,0.72,CASE,,DRY,0,,,,,,,,,,,,,,,1,20.0,20040806.0,,,,,,,,,14.4,,,,,,,,,,,,,,,,,
003001-22844,11,Assorted Frozen Bulk,50002,,,0.0,LB,3,0.18,BULKBOX,,,0,,,,,,,,,,,,,,,1,3.0,20040806.0,,,,,,,,,0.54,,,,,,,,,,,,,,,,,
003001-22844,12,General Reclamation D Bulk Box,40004,,,0.0,LB,37,0.18,BULKBOX,,,0,,,,,,,,,,,,,,,1,37.0,20040806.0,,,,,,,,,6.66,,,,,,,,,,,,,,,,,
ID_127,2,400 Watt Holophane Light Fixtures,11400,,,3.0,CS,150,0,CASE,,DRY,0,,,,,,,,,,,,,,,1,3.0,20040610.0,,,,,,,,,0,,,,,,,,,,,,,,,,,
ID_127,3,Foam Trays 100ct,82051,,,4.0,CS,36,1.62,OTHER,,DRY,0,,,,,,,,,,,,,,,1,4.0,20040610.0,,,,,,,,,6.48,,,,,,,,,,,,,,,,,
003001-22844,13,Assorted Free D,50001,,,0.0,LB,40,0,BULKBOX,,,0,,,,,,,,,,,,,,,1,40.0,20040806.0,,,,,,,,,0,,,,,,,,,,,,,,,,,
0010260765,2,Detergent,DY13003,,,0.0,CASE,30,4.2,,4/100oz,DRY,0,,,,,,,,,,,,,,,1,1.0,20040806.0,,,,,,,,,4.2,,,,,,,,,,,,,,,,,
0010260818,7,Raisin Almond Cereal,W05006,,,0.0,CASE,70,12.25,,12/12oz,DRY,12.25,,,,,,,,,,,,,,,1,7.0,20040806.0,,,,,,,,,85.75,,,,,,,,,,,,,,,,,
0010260818,8,Mandarine Orange,W10005,,,0.0,CASE,100,9.07,,24/11oz,DRY,9.07,,,,,,,,,,,,,,,1,5.0,20040806.0,,,,,,,,,45.35,,,,,,,,,,,,,,,,,
ID_308,11,FROZEN BISCUITS,4750000468,,,1.0,CS,16,2.24,,100 CT,FROZEN/REFRIGERATED,0,,,,,,,,,,,,,2.0,,6,0.0,20060215.0,,,,,,,,,,,,,,,,,,,,,,,,,,
003001-20745,3,Assorted Produce (R),40003,,,0.0,LB,270,0,LOOSE,,,0,,,,,,,,,,,,,,,1,270.0,20040610.0,,,,,,,,,0,,,,,,,,,,,,,,,,,
003001-20745,4,Schafer Bread,50020,,,0.0,LB,152,0,BAG,,,0,,,,,,,,,,,,,,,1,152.0,20040610.0,,,,,,,,,0,,,,,,,,,,,,,,,,,
003001-20745,2,Assorted Free D,50001,,,0.0,LB,294,0,BULKBOX,,,0,,,,,,,,,,,,,,,1,294.0,20040610.0,,,,,,,,,0,,,,,,,,,,,,,,,,,
003001-20745,5,General Reclamation D Bulk Box,40004,,,0.0,LB,180,0.18,BULKBOX,,,0,,,,,,,,,,,,,,,1,180.0,20040610.0,,,,,,,,,32.4,,,,,,,,,,,,,,,,,
003001-20745,6,Apples R 12/3 lbs D,10052,,,0.0,CS,160,0,CASE,,,0,,,,,,,,,,,,,,,1,4.0,20040610.0,,,,,,,,,0,,,,,,,,,,,,,,,,,
003001-20745,7,Potatoes 1/10 lb Bag (D),10097,,,0.0,EA,100,0,BAG,,,0,,,,,,,,,,,,,,,1,10.0,20040610.0,,,,,,,,,0,,,,,,,,,,,,,,,,,
003001-21073,3,SF - Mixed Fruit 4 oz,82059,,,0.0,EA,8.7,0.16667,OTHER,,DRY,0,,,,,,,,,,,,,,,1,30.0,20040623.0,,,,,,,,,5,,,,,,,,,,,,,,,,,
ID_193,2,Bugles 36-1.5oz (D),12353,,,1.0,CS,5,0.9,Case,,Dry,0,,,,,,,,,,,,,2.0,,0,,,,,,,,,,,,,,,,,,,,,,,,,,,,
003001-21070,2,SF - Club Sandwich (930),82055,,,0.0,EA,11.2,0.55,OTHER,,FROZEN,0,,,,,,,,,,,,,,,1,40.0,20040623.0,,,,,,,,,22,,,,,,,,,,,,,,,,,
003001-21070,3,SF - Mixed Fruit 4 oz,82059,,,0.0,EA,11.6,0.16667,OTHER,,DRY,0,,,,,,,,,,,,,,,1,40.0,20040623.0,,,,,,,,,6.67,,,,,,,,,,,,,,,,,
003001-21070,4,SF - Apple Juice,82038,,,0.0,EA,10,0.092,OTHER,,REF,0,,,,,,,,,,,,,,,1,40.0,20040623.0,,,,,,,,,3.68,,,,,,,,,,,,,,,,,
003001-21070,5,Milk 2% Reduced Fat 8oz,82048,,,0.0,EA,20,0.2015,OTHER,,REF,0,,,,,,,,,,,,,,,1,40.0,20040623.0,,,,,,,,,8.06,,,,,,,,,,,,,,,,,
003001-21070,6,Chocolate Milk,82049,,,0.0,EA,20,0.2155,OTHER,,REF,0,,,,,,,,,,,,,,,1,40.0,20040623.0,,,,,,,,,8.62,,,,,,,,,,,,,,,,,
003001-20816,2,SF - Turkey Ham Sandwich (929),82054,,,0.0,EA,6,0.54,OTHER,,FROZEN,0,,,,,,,,,,,,,,,1,20.0,20040623.0,,,,,,,,,10.8,,,,,,,,,,,,,,,,,
003001-20816,3,Milk 2% Reduced Fat 8oz,82048,,,0.0,EA,10,0.20149,OTHER,,REF,0,,,,,,,,,,,,,,,1,20.0,20040623.0,,,,,,,,,4.03,,,,,,,,,,,,,,,,,
003001-20816,4,SF - Orange Juice,82037,,,0.0,EA,5,0.11115,OTHER,,REF,0,,,,,,,,,,,,,,,1,20.0,20040623.0,,,,,,,,,2.22,,,,,,,,,,,,,,,,,
003001-20816,5,SF - Diced Peaches 4 oz,82058,,,0.0,EA,5.8,0.16667,OTHER,,DRY,0,,,,,,,,,,,,,,,1,20.0,20040623.0,,,,,,,,,3.33,,,,,,,,,,,,,,,,,
ID_193,4,USDA Egg Noodles 12/16oz (D),60047,,,1.0,CS,13,1.82,Case,,Dry,0,,,,,,,,,,,,,2.0,,0,,,,,,,,,,,,,,,,,,,,,,,,,,,,
003001-21077,2,SF - Club Sandwich (930),82055,,,0.0,EA,21,0.55,OTHER,,FROZEN,0,,,,,,,,,,,,,,,1,75.0,20040623.0,,,,,,,,,41.25,,,,,,,,,,,,,,,,,
003001-21077,3,SF - Mixed Fruit 4 oz,82059,,,0.0,EA,21.75,0.16667,OTHER,,DRY,0,,,,,,,,,,,,,,,1,75.0,20040623.0,,,,,,,,,12.5,,,,,,,,,,,,,,,,,
003001-21077,4,Milk 2% Reduced Fat 8oz,82048,,,0.0,EA,20,0.2015,OTHER,,REF,0,,,,,,,,,,,,,,,1,40.0,20040623.0,,,,,,,,,8.06,,,,,,,,,,,,,,,,,
003001-21077,5,Chocolate Milk,82049,,,0.0,EA,37.5,0.2155,OTHER,,REF,0,,,,,,,,,,,,,,,1,75.0,20040623.0,,,,,,,,,16.16,,,,,,,,,,,,,,,,,
003001-21073,2,SF - Club Sandwich (930),82055,,,0.0,EA,8.4,0.55,OTHER,,FROZEN,0,,,,,,,,,,,,,,,1,30.0,20040623.0,,,,,,,,,16.5,,,,,,,,,,,,,,,,,
003001-21073,4,SF - Apple Juice,82038,,,0.0,EA,7.5,0.092,OTHER,,REF,0,,,,,,,,,,,,,,,1,30.0,20040623.0,,,,,,,,,2.76,,,,,,,,,,,,,,,,,
003001-21073,5,Milk 2% Reduced Fat 8oz,82048,,,0.0,EA,15,0.2015,OTHER,,REF,0,,,,,,,,,,,,,,,1,30.0,20040623.0,,,,,,,,,6.05,,,,,,,,,,,,,,,,,
003001-21073,6,Chocolate Milk,82049,,,0.0,EA,15,0.2155,OTHER,,REF,0,,,,,,,,,,,,,,,1,30.0,20040623.0,,,,,,,,,6.47,,,,,,,,,,,,,,,,,
003001-21073,7,SF - Assorted Cereal (30 ct),82061,,,0.0,CS,4,7.04,CASE,,DRY,0,,,,,,,,,,,,,,,1,1.0,20040623.0,,,,,,,,,7.04,,,,,,,,,,,,,,,,,
ID_195,1,Asst Gatorade Drink 12/32oz(D),11406,,,1.0,CS,28,6.18,Case,,Dry,0,,,,,,,,,,,,,2.0,,0,,,,,,,,,,,,,,,,,,,,,,,,,,,,
003001-21071,2,SF - Club Sandwich (930),82055,,,0.0,EA,5.6,0.55,OTHER,,FROZEN,0,,,,,,,,,,,,,,,1,20.0,20040623.0,,,,,,,,,11,,,,,,,,,,,,,,,,,
003001-21071,3,SF - Mixed Fruit 4 oz,82059,,,0.0,EA,5.8,0.16667,OTHER,,DRY,0,,,,,,,,,,,,,,,1,20.0,20040623.0,,,,,,,,,3.33,,,,,,,,,,,,,,,,,
003001-21071,4,Milk 2% Reduced Fat 8oz,82048,,,0.0,EA,9.5,0.2015,OTHER,,REF,0,,,,,,,,,,,,,,,1,19.0,20040623.0,,,,,,,,,3.83,,,,,,,,,,,,,,,,,
003001-21071,5,Chocolate Milk,82049,,,0.0,EA,10,0.2155,OTHER,,REF,0,,,,,,,,,,,,,,,1,20.0,20040623.0,,,,,,,,,4.31,,,,,,,,,,,,,,,,,
003001-21075,2,SF - Club Sandwich (930),82055,,,0.0,EA,8.4,0.55,OTHER,,FROZEN,0,,,,,,,,,,,,,,,1,30.0,20040623.0,,,,,,,,,16.5,,,,,,,,,,,,,,,,,
003001-21075,3,SF - Mixed Fruit 4 oz,82059,,,0.0,EA,8.7,0.16667,OTHER,,DRY,0,,,,,,,,,,,,,,,1,30.0,20040623.0,,,,,,,,,5,,,,,,,,,,,,,,,,,
003001-21075,4,SF - Apple Juice,82038,,,0.0,EA,7.5,0.092,OTHER,,REF,0,,,,,,,,,,,,,,,1,30.0,20040623.0,,,,,,,,,2.76,,,,,,,,,,,,,,,,,
003001-21075,5,Chocolate Milk,82049,,,0.0,EA,15,0.2155,OTHER,,REF,0,,,,,,,,,,,,,,,1,30.0,20040623.0,,,,,,,,,6.47,,,,,,,,,,,,,,,,,
003001-21075,6,Milk 2% Reduced Fat 8oz,82048,,,0.0,EA,15,0.2015,OTHER,,REF,0,,,,,,,,,,,,,,,1,30.0,20040623.0,,,,,,,,,6.05,,,,,,,,,,,,,,,,,
003001-21075,7,SF - Assorted Cereal (30 ct),82061,,,0.0,CS,4,7.04,CASE,,DRY,0,,,,,,,,,,,,,,,1,1.0,20040623.0,,,,,,,,,7.04,,,,,,,,,,,,,,,,,
003001-21069,2,SF - Club Sandwich (930),82055,,,0.0,EA,14,0.55,OTHER,,FROZEN,0,,,,,,,,,,,,,,,1,50.0,20040623.0,,,,,,,,,27.5,,,,,,,,,,,,,,,,,
003001-21069,3,SF - Mixed Fruit 4 oz,82059,,,0.0,EA,14.5,0.16667,OTHER,,DRY,0,,,,,,,,,,,,,,,1,50.0,20040623.0,,,,,,,,,8.33,,,,,,,,,,,,,,,,,
003001-21069,4,SF - Apple Juice,82038,,,0.0,EA,12.5,0.092,OTHER,,REF,0,,,,,,,,,,,,,,,1,50.0,20040623.0,,,,,,,,,4.6,,,,,,,,,,,,,,,,,
003001-21069,5,Milk 2% Reduced Fat 8oz,82048,,,0.0,EA,25,0.2015,OTHER,,REF,0,,,,,,,,,,,,,,,1,50.0,20040623.0,,,,,,,,,10.08,,,,,,,,,,,,,,,,,
003001-21069,6,Chocolate Milk,82049,,,0.0,EA,25,0.2155,OTHER,,REF,0,,,,,,,,,,,,,,,1,50.0,20040623.0,,,,,,,,,10.78,,,,,,,,,,,,,,,,,
003001-21067,2,SF - Club Sandwich (930),82055,,,0.0,EA,9.8,0.55,OTHER,,FROZEN,0,,,,,,,,,,,,,,,1,35.0,20040623.0,,,,,,,,,19.25,,,,,,,,,,,,,,,,,
003001-21067,3,SF - Mixed Fruit 4 oz,82059,,,0.0,EA,10.15,0.16667,OTHER,,DRY,0,,,,,,,,,,,,,,,1,35.0,20040623.0,,,,,,,,,5.83,,,,,,,,,,,,,,,,,
003001-21067,4,SF - Apple Juice,82038,,,0.0,EA,8.75,0.092,OTHER,,REF,0,,,,,,,,,,,,,,,1,35.0,20040623.0,,,,,,,,,3.22,,,,,,,,,,,,,,,,,
003001-21067,5,Milk 2% Reduced Fat 8oz,82048,,,0.0,EA,7.5,0.2015,OTHER,,REF,0,,,,,,,,,,,,,,,1,15.0,20040623.0,,,,,,,,,3.02,,,,,,,,,,,,,,,,,
003001-21067,6,Chocolate Milk,82049,,,0.0,EA,17.5,0.2155,OTHER,,REF,0,,,,,,,,,,,,,,,1,35.0,20040623.0,,,,,,,,,7.54,,,,,,,,,,,,,,,,,
ID_195,2,Light Lemonade Drink 12/8oz(D),12271,,,2.0,CS,10,1.8,Case,,Dry,0,,,,,,,,,,,,,2.0,,0,,,,,,,,,,,,,,,,,,,,,,,,,,,,
003001-20971,2,SF - Turkey and Cheese Sandwich (910),82053,,,0.0,EA,14,0.53,OTHER,,FROZEN,0,,,,,,,,,,,,,,,1,50.0,20040623.0,,,,,,,,,26.5,,,,,,,,,,,,,,,,,
003001-20971,3,SF - Orange Juice,82037,,,0.0,EA,12.5,0.10677,OTHER,,REF,0,,,,,,,,,,,,,,,1,50.0,20040623.0,,,,,,,,,5.34,,,,,,,,,,,,,,,,,
003001-20971,4,SF - Mixed Fruit 4 oz,82059,,,0.0,EA,14.5,0.16667,OTHER,,DRY,0,,,,,,,,,,,,,,,1,50.0,20040623.0,,,,,,,,,8.33,,,,,,,,,,,,,,,,,
003001-20971,5,Chocolate Milk,82049,,,0.0,EA,25,0.2155,OTHER,,REF,0,,,,,,,,,,,,,,,1,50.0,20040623.0,,,,,,,,,10.78,,,,,,,,,,,,,,,,,
003001-20971,6,SF - Apple Juice,82038,,,0.0,EA,12.5,0.092,OTHER,,REF,0,,,,,,,,,,,,,,,1,50.0,20040623.0,,,,,,,,,4.6,,,,,,,,,,,,,,,,,
003001-20971,7,Milk 2% Reduced Fat 8oz,82048,,,0.0,EA,25,0.2015,OTHER,,REF,0,,,,,,,,,,,,,,,1,50.0,20040623.0,,,,,,,,,10.08,,,,,,,,,,,,,,,,,
003001-20971,8,SF - Assorted Cereal 19 oz,82062,,,0.0,EA,8,1.08,UNKOWN,,DRY,0,,,,,,,,,,,,,,,1,8.0,20040623.0,,,,,,,,,8.64,,,,,,,,,,,,,,,,,
003001-20964,2,SF - Turkey and Cheese Sandwich (910),82053,,,0.0,EA,15.4,0.53,OTHER,,FROZEN,0,,,,,,,,,,,,,,,1,55.0,20040623.0,,,,,,,,,29.15,,,,,,,,,,,,,,,,,
003001-20964,3,SF - Mixed Fruit 4 oz,82059,,,0.0,EA,15.95,0.16667,OTHER,,DRY,0,,,,,,,,,,,,,,,1,55.0,20040623.0,,,,,,,,,9.17,,,,,,,,,,,,,,,,,
003001-20964,4,SF - Apple Juice,82038,,,0.0,EA,13.75,0.092,OTHER,,REF,0,,,,,,,,,,,,,,,1,55.0,20040623.0,,,,,,,,,5.06,,,,,,,,,,,,,,,,,
003001-20964,5,SF - Orange Juice,82037,,,0.0,EA,12.5,0.10677,OTHER,,REF,0,,,,,,,,,,,,,,,1,50.0,20040623.0,,,,,,,,,5.34,,,,,,,,,,,,,,,,,
003001-20964,6,Chocolate Milk,82049,,,0.0,EA,27.5,0.2155,OTHER,,REF,0,,,,,,,,,,,,,,,1,55.0,20040623.0,,,,,,,,,11.85,,,,,,,,,,,,,,,,,
003001-20964,7,Milk 2% Reduced Fat 8oz,82048,,,0.0,EA,25,0.2015,OTHER,,REF,0,,,,,,,,,,,,,,,1,50.0,20040623.0,,,,,,,,,10.08,,,,,,,,,,,,,,,,,
003001-20964,8,SF - Assorted Cereal 19 oz,82062,,,0.0,EA,7,1.08,UNKOWN,,DRY,0,,,,,,,,,,,,,,,1,7.0,20040623.0,,,,,,,,,7.56,,,,,,,,,,,,,,,,,
003001-20964,9,Foam Trays 100ct,82051,,,0.0,CS,9,1.62,OTHER,,DRY,0,,,,,,,,,,,,,,,1,1.0,20040623.0,,,,,,,,,1.62,,,,,,,,,,,,,,,,,
003001-20972,2,SF - Turkey and Cheese Sandwich (910),82053,,,0.0,EA,14,0.53,OTHER,,FROZEN,0,,,,,,,,,,,,,,,1,50.0,20040623.0,,,,,,,,,26.5,,,,,,,,,,,,,,,,,
003001-20972,3,SF - Mixed Fruit 4 oz,82059,,,0.0,EA,14.5,0.16667,OTHER,,DRY,0,,,,,,,,,,,,,,,1,50.0,20040623.0,,,,,,,,,8.33,,,,,,,,,,,,,,,,,
003001-20972,4,SF - Orange Juice,82037,,,0.0,EA,12.5,0.10677,OTHER,,REF,0,,,,,,,,,,,,,,,1,50.0,20040623.0,,,,,,,,,5.34,,,,,,,,,,,,,,,,,
003001-20972,5,Chocolate Milk,82049,,,0.0,EA,25,0.2155,OTHER,,REF,0,,,,,,,,,,,,,,,1,50.0,20040623.0,,,,,,,,,10.78,,,,,,,,,,,,,,,,,
0024AI034100,6,FRESH GROUND COFFEE,4902217760,,,0.0,CS,38,2.66,,20-13OZ,,0,,,,,,,,,,,,,,,1,2.0,20040624.0,,,,,,,,,5.32,,,,,,,,,,,,,,,,,
0024AI034100,7,MAC N CHEESE DINNERS,0212800911P,,,0.0,CS,12,1.68,,24/ 7.25 OZ,,0,,,,,,,,,,,,,,,1,1.0,20040624.0,,,,,,,,,1.68,,,,,,,,,,,,,,,,,
0024AI034100,8,LONG GRAIN RICE,385564271P,,,0.0,CS,48,6.72,,24/ 2 LB BAGS,,0,,,,,,,,,,,,,,,1,1.0,20040624.0,,,,,,,,,6.72,,,,,,,,,,,,,,,,,
0024AI034100,9,FOOD PRODUCTS,FOOD000000,,,0.0,LB,10,0.14,UNKOWN,VARIES,,0,,,,,,,,,,,,,,,1,10.0,20040624.0,,,,,,,,,1.4,,,,,,,,,,,,,,,,,
0024AI034100,10,ASSORTED FOOD PRODUCTS,ASSTD,,,0.0,LB,135,0,,,,0,,,,,,,,,,,,,,,1,135.0,20040624.0,,,,,,,,,0,,,,,,,,,,,,,,,,,
0024AI034100,11,MISCELLANEOUS PRODUCE,0000PRD009,,,0.0,LB,74,0,CASE,BULK,,0,,,,,,,,,,,,,,,1,74.0,20040624.0,,,,,,,,,0,,,,,,,,,,,,,,,,,
0024AI034112,2,WHOLE FRESH EGGS,PUREGGS15,,,0.0,CS,250,3.5,CASE,15/1 DOZEN MEDIUM,REF,0,,,,,,,,,,,,,,,1,10.0,20040624.0,,,,,,,,,35,,,,,,,,,,,,,,,,,
0024AI034112,3,USDA CHOCOLATE PUDDING,1500141174,,,0.0,CS,240,1.68,,12/ 14 OZ CTN,,0,,,,,,,,,,,,,,,1,20.0,20040624.0,,,,,,,,,33.6,,,,,,,,,,,,,,,,,
0024AI034112,4,USDA VANILLA PUDDING,1500141175,,,0.0,CS,240,1.68,,12/ 14 OZ CTN,,0,,,,,,,,,,,,,,,1,20.0,20040624.0,,,,,,,,,33.6,,,,,,,,,,,,,,,,,
0024AI034112,5,CANNED PEAR HALVES,417129421P,,,0.0,CS,540,3.78,,24/ 15 OZ CANS,,0,,,,,,,,,,,,,,,1,20.0,20040624.0,,,,,,,,,75.6,,,,,,,,,,,,,,,,,
0024AI034112,6,USDA ORANGE JUICE,1500101300,,,0.0,CS,860,6.02,CASE,12/46 oz,,0,,,,,,,,,,,,,,,1,20.0,20040624.0,,,,,,,,,120.4,,,,,,,,,,,,,,,,,
0024AI034112,7,USDA WHOLE CHKN. limit 2,1500148201,,,0.0,CS,80,5.6,,10 PER BOX,,0,,,,,,,,,,,,,,,1,2.0,20040624.0,,,,,,,,,11.2,,,,,,,,,,,,,,,,,
0024AI034112,8,HOT DOGS,2345623456,,,0.0,CS,300,4.2,,BULK,,0,,,,,,,,,,,,,,,1,10.0,20040624.0,,,,,,,,,42,,,,,,,,,,,,,,,,,
0024AI034112,9,FRESH GROUND COFFEE,4902217760,,,0.0,CS,38,2.66,,20-13OZ,,0,,,,,,,,,,,,,,,1,2.0,20040624.0,,,,,,,,,5.32,,,,,,,,,,,,,,,,,
0024AI034112,10,B/B CHUNK TUNA,24COST1900,,,0.0,CS,22,19,,48/ 6 OZ CANS,,0,,,,,,,,,,,,,,,1,1.0,20040624.0,,,,,,,,,19,,,,,,,,,,,,,,,,,
0024AI034112,11,"GROUND BEEF, MX",24COST3760,,,0.0,CS,80,37.6,,40/ 1 LB CHUBS,,0,,,,,,,,,,,,,,,1,2.0,20040624.0,,,,,,,,,75.2,,,,,,,,,,,,,,,,,
0024AI034112,12,MAC N CHEESE DINNERS,0212800911P,,,0.0,CS,24,1.68,,24/ 7.25 OZ,,0,,,,,,,,,,,,,,,1,2.0,20040624.0,,,,,,,,,3.36,,,,,,,,,,,,,,,,,
0024AI034112,13,USDA BOXED RAISINS,1500101501,,,0.0,CS,0,3.5,CASE,24/15 OZ.,DRY,0,,,,,,,,,,,,,,,6,0.0,20040624.0,,,,,,,,,0,,,,,,,,,,,,,,,,,
0024AI034068,2,CANNED PEAR HALVES,417129421P,,,0.0,CS,1350,3.78,,24/ 15 OZ CANS,,0,,,,,,,,,,,,,,,1,50.0,20040624.0,,,,,,,,,189,,,,,,,,,,,,,,,,,
0024AI034068,3,B/B CHUNK TUNA,24COST1900,,,0.0,CS,1650,19,,48/ 6 OZ CANS,,0,,,,,,,,,,,,,,,1,75.0,20040624.0,,,,,,,,,1425,,,,,,,,,,,,,,,,,
0024AI034068,4,ANGEL HAIR PASTA,1270015577,,,0.0,CS,22,1.54,,12/ 12 OZ PKGS.,,0,,,,,,,,,,,,,,,1,2.0,20040624.0,,,,,,,,,3.08,,,,,,,,,,,,,,,,,
0024AI034068,5,CREAMY PEANUT BUTTER,24COST1005,,,0.0,CS,1050,10.05,,12/ 18 OZ,,0,,,,,,,,,,,,,,,1,75.0,20040624.0,,,,,,,,,753.75,,,,,,,,,,,,,,,,,
0024AI034068,6,ASSORTED FOOD PRODUCTS,ASSTD,,,0.0,LB,5934,0,,,,0,,,,,,,,,,,,,,,1,5934.0,20040624.0,,,,,,,,,0,,,,,,,,,,,,,,,,,
0024AI034045,2,WHOLE FRESH EGGS,PUREGGS15,,,0.0,CS,50,3.5,CASE,15/1 DOZEN MEDIUM,REF,0,,,,,,,,,,,,,,,1,2.0,20040624.0,,,,,,,,,7,,,,,,,,,,,,,,,,,
0024AI034045,3,USDA CHOCOLATE PUDDING,1500141174,,,0.0,CS,36,1.68,,12/ 14 OZ CTN,,0,,,,,,,,,,,,,,,1,3.0,20040624.0,,,,,,,,,5.04,,,,,,,,,,,,,,,,,
0024AI034045,4,USDA VANILLA PUDDING,1500141175,,,0.0,CS,36,1.68,,12/ 14 OZ CTN,,0,,,,,,,,,,,,,,,1,3.0,20040624.0,,,,,,,,,5.04,,,,,,,,,,,,,,,,,
0024AI034045,5,CANNED PEAR HALVES,417129421P,,,0.0,CS,135,3.78,,24/ 15 OZ CANS,,0,,,,,,,,,,,,,,,1,5.0,20040624.0,,,,,,,,,18.9,,,,,,,,,,,,,,,,,
0024AI034045,6,USDA WHOLE CHKN. limit 2,1500148201,,,0.0,CS,80,5.6,,10 PER BOX,,0,,,,,,,,,,,,,,,1,2.0,20040624.0,,,,,,,,,11.2,,,,,,,,,,,,,,,,,
0024AI034045,7,FRESH GROUND COFFEE,4902217760,,,0.0,CS,76,2.66,,20-13OZ,,0,,,,,,,,,,,,,,,1,4.0,20040624.0,,,,,,,,,10.64,,,,,,,,,,,,,,,,,
0024AI034045,8,B/B CHUNK TUNA,24COST1900,,,0.0,CS,66,19,,48/ 6 OZ CANS,,0,,,,,,,,,,,,,,,1,3.0,20040624.0,,,,,,,,,57,,,,,,,,,,,,,,,,,
0024AI034045,9,"GROUND BEEF, MX",24COST3760,,,0.0,CS,80,37.6,,40/ 1 LB CHUBS,,0,,,,,,,,,,,,,,,1,2.0,20040624.0,,,,,,,,,75.2,,,,,,,,,,,,,,,,,
0024AI034045,10,MAC N CHEESE DINNERS,0212800911P,,,0.0,CS,72,1.68,,24/ 7.25 OZ,,0,,,,,,,,,,,,,,,1,6.0,20040624.0,,,,,,,,,10.08,,,,,,,,,,,,,,,,,
0024AI034045,11,USDA PEANUT BTR.lim. 2,1500173147,,,0.0,CS,28,1.96,CASE,12/18 OZ,,0,,,,,,,,,,,,,,,1,2.0,20040624.0,,,,,,,,,3.92,,,,,,,,,,,,,,,,,
0024AI034045,12,CREAMY PEANUT BUTTER,24COST1005,,,0.0,CS,56,10.05,,12/ 18 OZ,,0,,,,,,,,,,,,,,,1,4.0,20040624.0,,,,,,,,,40.2,,,,,,,,,,,,,,,,,
0024AI034045,13,PINTO BEANS,711876020P,,,0.0,CS,78,3.64,,12/ 2 LB BAGS,,0,,,,,,,,,,,,,,,1,3.0,20040624.0,,,,,,,,,10.92,,,,,,,,,,,,,,,,,
0024AI034045,14,USDA BOXED RAISINS,1500101501,,,0.0,CS,25,3.5,CASE,24/15 OZ.,DRY,0,,,,,,,,,,,,,,,1,1.0,20040624.0,,,,,,,,,3.5,,,,,,,,,,,,,,,,,
0024AI034045,15,FOOD PRODUCTS,FOOD000000,,,0.0,LB,73,0.14,UNKOWN,VARIES,,0,,,,,,,,,,,,,,,1,73.0,20040624.0,,,,,,,,,10.22,,,,,,,,,,,,,,,,,
0024AI034024,2,USDA CHOCOLATE PUDDING,1500141174,,,0.0,CS,60,1.68,,12/ 14 OZ CTN,,0,,,,,,,,,,,,,,,1,5.0,20040624.0,,,,,,,,,8.4,,,,,,,,,,,,,,,,,
0024AI034024,3,USDA VANILLA PUDDING,1500141175,,,0.0,CS,60,1.68,,12/ 14 OZ CTN,,0,,,,,,,,,,,,,,,1,5.0,20040624.0,,,,,,,,,8.4,,,,,,,,,,,,,,,,,
0024AI034024,4,CANNED PEAR HALVES,417129421P,,,0.0,CS,54,3.78,,24/ 15 OZ CANS,,0,,,,,,,,,,,,,,,1,2.0,20040624.0,,,,,,,,,7.56,,,,,,,,,,,,,,,,,
0024AI034024,5,USDA WHOLE CHKN. limit 2,1500148201,,,0.0,CS,80,5.6,,10 PER BOX,,0,,,,,,,,,,,,,,,1,2.0,20040624.0,,,,,,,,,11.2,,,,,,,,,,,,,,,,,
0024AI034024,6,FRESH GROUND COFFEE,4902217760,,,0.0,CS,76,2.66,,20-13OZ,,0,,,,,,,,,,,,,,,1,4.0,20040624.0,,,,,,,,,10.64,,,,,,,,,,,,,,,,,
0024AI034024,7,B/B CHUNK TUNA,24COST1900,,,0.0,CS,88,19,,48/ 6 OZ CANS,,0,,,,,,,,,,,,,,,1,4.0,20040624.0,,,,,,,,,76,,,,,,,,,,,,,,,,,
0024AI034024,8,MAC N CHEESE DINNERS,0212800911P,,,0.0,CS,48,1.68,,24/ 7.25 OZ,,0,,,,,,,,,,,,,,,1,4.0,20040624.0,,,,,,,,,6.72,,,,,,,,,,,,,,,,,
0024AI034024,9,CREAMY PEANUT BUTTER,24COST1005,,,0.0,CS,70,10.05,,12/ 18 OZ,,0,,,,,,,,,,,,,,,1,5.0,20040624.0,,,,,,,,,50.25,,,,,,,,,,,,,,,,,
0024AI034024,10,PINTO BEANS,711876020P,,,0.0,CS,104,3.64,,12/ 2 LB BAGS,,0,,,,,,,,,,,,,,,1,4.0,20040624.0,,,,,,,,,14.56,,,,,,,,,,,,,,,,,
0024AI034024,11,USDA BOXED RAISINS,1500101501,,,0.0,CS,25,3.5,CASE,24/15 OZ.,DRY,0,,,,,,,,,,,,,,,1,1.0,20040624.0,,,,,,,,,3.5,,,,,,,,,,,,,,,,,
0024AI034024,12,FOOD PRODUCTS,FOOD000000,,,0.0,LB,38,0.14,UNKOWN,VARIES,,0,,,,,,,,,,,,,,,1,38.0,20040624.0,,,,,,,,,5.32,,,,,,,,,,,,,,,,,
0024AI034270,2,GRAPE ENERGY DRINK,3951010260,,,0.0,CS,2000,0,,24-11.5 OZ,,0,,,,,,,,,,,,,,,1,100.0,20040624.0,,,,,,,,,0,,,,,,,,,,,,,,,,,
0024AI034270,3,KIWI STRAWBERRY ENERGY DRINK,3951010270,,,0.0,CS,2000,0,,24-11.5 OZ,,0,,,,,,,,,,,,,,,1,100.0,20040624.0,,,,,,,,,0,,,,,,,,,,,,,,,,,
0024AI034270,4,USDA ORANGE JUICE,1500101300,,,0.0,CS,2064,0,CASE,12/46 oz,,0,,,,,,,,,,,,,,,1,48.0,20040624.0,,,,,,,,,0,,,,,,,,,,,,,,,,,
0024AI034270,5,RANCH DRESSING,2100064967,,,0.0,CS,1120,0,,100/2 OZ PKS,,0,,,,,,,,,,,,,,,1,80.0,20040624.0,,,,,,,,,0,,,,,,,,,,,,,,,,,
0024AI034270,6,ASSORTED FOOD PRODUCTS,ASSTD,,,0.0,LB,5849,0,,,,0,,,,,,,,,,,,,,,1,5849.0,20040624.0,,,,,,,,,0,,,,,,,,,,,,,,,,,
0024AI034270,7,"CABBAGE, FRESH",0000PRD002,,,0.0,CS,150,0,CASE,,,0,,,,,,,,,,,,,,,1,3.0,20040624.0,,,,,,,,,0,,,,,,,,,,,,,,,,,
0024AI034270,8,MISCELLANEOUS PRODUCE,0000PRD009,,,0.0,LB,4982,0,CASE,BULK,,0,,,,,,,,,,,,,,,1,4982.0,20040624.0,,,,,,,,,0,,,,,,,,,,,,,,,,,
0024AI034116,2,CANDY BAR ICE CREAM,4154829856,,,0.0,CS,16,1.12,,4/48 OZ FLUID  CTN.,,0,,,,,,,,,,,,,,,1,2.0,20040624.0,,,,,,,,,2.24,,,,,,,,,,,,,,,,,
0024AI034116,3,WHOLE FRESH EGGS,PUREGGS15,,,0.0,CS,25,3.5,CASE,15/1 DOZEN MEDIUM,REF,0,,,,,,,,,,,,,,,1,1.0,20040624.0,,,,,,,,,3.5,,,,,,,,,,,,,,,,,
0024AI034116,4,USDA CHOCOLATE PUDDING,1500141174,,,0.0,CS,24,1.68,,12/ 14 OZ CTN,,0,,,,,,,,,,,,,,,1,2.0,20040624.0,,,,,,,,,3.36,,,,,,,,,,,,,,,,,
0024AI034116,5,CANNED PEAR HALVES,417129421P,,,0.0,CS,81,3.78,,24/ 15 OZ CANS,,0,,,,,,,,,,,,,,,1,3.0,20040624.0,,,,,,,,,11.34,,,,,,,,,,,,,,,,,
0195CA-1211C06152004,24,USDA Juice Tomato 12/46oz.,241010006,,,0.0,CASE,42,0,CASE,12/46oz.,DRY,0,,,,,,,,,,,,,,,1,1.0,20040617.0,,,,,,,,,0,,,,,,,,,,,,,,,,,
019537518,25,USDA Spaghetti 12/2 lb bags,311010003,,,0.0,CASE,50,0,CASE,12/2 lb bags,DRY,0,,,,,,,,,,,,,,,1,2.0,20040629.0,,,,,,,,,0,,,,,,,,,,,,,,,,,
019537518,26,USDA Macaroni  24/1 lb,311010004,,,0.0,CASE,54,0,CASE,24/1 lb,DRY,0,,,,,,,,,,,,,,,1,2.0,20040629.0,,,,,,,,,0,,,,,,,,,,,,,,,,,
019537518,27,USDA Vegetarian Beans 24/#300,331010008,,,0.0,CASE,27,0,CASE,24/#300,DRY,0,,,,,,,,,,,,,,,1,1.0,20040629.0,,,,,,,,,0,,,,,,,,,,,,,,,,,
019537518,28,USDA Vegetarian Beans 24/#300,331010008,,,0.0,CASE,27,0,CASE,24/#300,DRY,0,,,,,,,,,,,,,,,1,1.0,20040629.0,,,,,,,,,0,,,,,,,,,,,,,,,,,
019537518,29,USDA Peanut Butter 12/18oz jar,331010009,,,0.0,CASE,30,0,CASE,12/18 oz jars smooth,DRY,0,,,,,,,,,,,,,,,1,2.0,20040629.0,,,,,,,,,0,,,,,,,,,,,,,,,,,
019537518,30,USDA Blackeye Peas 24/#300,331010019,,,0.0,CASE,54,0,CASE,24/#300,DRY,0,,,,,,,,,,,,,,,1,2.0,20040629.0,,,,,,,,,0,,,,,,,,,,,,,,,,,
019537518,31,USDA Rice 24/2 lb bags,341010001,,,0.0,CASE,48,0,CASE,24/2 lb bags,DRY,0,,,,,,,,,,,,,,,1,1.0,20040629.0,,,,,,,,,0,,,,,,,,,,,,,,,,,
019537518,32,USDA Trail Mix 24/1 lb bags,351010001,,,0.0,CASE,26,0,CASE,24/1 lb bags,DRY,0,,,,,,,,,,,,,,,1,1.0,20040629.0,,,,,,,,,0,,,,,,,,,,,,,,,,,
019537518,33,"USDA Oil, Vegetable 8/48 oz",361010002,,,0.0,CASE,26,0,CASE,8/48 oz containers,DRY,0,,,,,,,,,,,,,,,1,1.0,20040629.0,,,,,,,,,0,,,,,,,,,,,,,,,,,
019537518,34,"USDA Sauce, Spaghetti 24/#300",361010003,,,0.0,CASE,54,0,CASE,24/#300 cans,DRY,0,,,,,,,,,,,,,,,1,2.0,20040629.0,,,,,,,,,0,,,,,,,,,,,,,,,,,
019537518,35,USDA Tomato Sauce 24/#300 cans,361010004,,,0.0,CASE,54,0,CASE,24/#300 cans,DRY,0,,,,,,,,,,,,,,,1,2.0,20040629.0,,,,,,,,,0,,,,,,,,,,,,,,,,,
019537518,36,USDA Corn Syrup 12/24oz.,361010005,,,0.0,CASE,29,0,CASE,12/24oz.,DRY,0,,,,,,,,,,,,,,,1,1.0,20040629.0,,,,,,,,,0,,,,,,,,,,,,,,,,,
019537518,37,USDA Corn Whole 24/#300,371010003,,,0.0,CASE,54,0,CASE,24/#300,DRY,0,,,,,,,,,,,,,,,1,2.0,20040629.0,,,,,,,,,0,,,,,,,,,,,,,,,,,
019537518,38,USDA Peas Canned 24/#300,371010004,,,0.0,CASE,52,0,CASE,24/#300,DRY,0,,,,,,,,,,,,,,,1,2.0,20040629.0,,,,,,,,,0,,,,,,,,,,,,,,,,,
019537518,39,"USDA Potatoes, Instant 12/1 lb",371010005,,,0.0,CASE,26,0,CASE,12/1 lb bags,DRY,0,,,,,,,,,,,,,,,1,2.0,20040629.0,,,,,,,,,0,,,,,,,,,,,,,,,,,
019537518,40,"USDA Potatoes, Slice 24/#300cn",371010007,,,0.0,CASE,54,0,CASE,24/#300 Cans,DRY,0,,,,,,,,,,,,,,,1,2.0,20040629.0,,,,,,,,,0,,,,,,,,,,,,,,,,,
019537518,41,USDA Tomatoes Whole 24/#300,371010008,,,0.0,CASE,54,0,CASE,24/#300 cans,DRY,0,,,,,,,,,,,,,,,1,2.0,20040629.0,,,,,,,,,0,,,,,,,,,,,,,,,,,
019537518,42,USDA Tomatoes Diced 24/#300,371010009,,,0.0,CASE,52,0,CASE,24/#300,DRY,0,,,,,,,,,,,,,,,1,2.0,20040629.0,,,,,,,,,0,,,,,,,,,,,,,,,,,
019537518,43,USDA Green Beans Canned 24/#300,371010020,,,0.0,CASE,26,0,CASE,24/#300,DRY,0,,,,,,,,,,,,,,,1,1.0,20040629.0,,,,,,,,,0,,,,,,,,,,,,,,,,,
019537520,2,Canned Meats Asst. 11/15oz.,X250010001,,,0.0,CASE,12,1.74,CASE,11/15oz.,DRY,0.02,,,,,,,,,,,,,,,1,1.0,20040629.0,,,,,,,,,1.74,,,,,,,,,,,,,,,,,
019537520,3,Canned Salmon Pink 24/14.75oz.,X250010003,,,0.0,CASE,54,14.18,CASE,24/14.75oz.,DRY,0.08,,,,,,,,,,,,,,,1,2.0,20040629.0,,,,,,,,,28.36,,,,,,,,,,,,,,,,,
019537520,4,Sorted Miscellaneous Product,SMP,,,0.0,LB,102,0.14,CASE,Blue Receipt Sorted Misc. Prod,DRY,0,,,,,,,,,,,,,,,1,102.0,20040629.0,,,,,,,,,14.28,,,,,,,,,,,,,,,,,
019537502,2,Babyfood Chicken Noodle Dinner 24/6oz.,120020001,,,0.0,CASE,70,1.96,CASE,24/6oz.,DRY,0,,,,,,,,,,,,,,,1,5.0,20040629.0,,,,,,,,,9.8,,,,,,,,,,,,,,,,,
019537502,3,Babyfood Apricots/Tapioca 24/6oz.,120020003,,,0.0,CASE,70,1.96,CASE,24/6oz.,DRY,0,,,,,,,,,,,,,,,1,5.0,20040629.0,,,,,,,,,9.8,,,,,,,,,,,,,,,,,
019537502,4,Babyfood Carrots 24/4oz.,120020004,,,0.0,CASE,50,1.4,CASE,24/4oz.,DRY,0,,,,,,,,,,,,,,,1,5.0,20040629.0,,,,,,,,,7,,,,,,,,,,,,,,,,,
019537502,5,Babyfood Broc/Carr./Cheese 24/6oz.,120030013,,,0.0,CASE,75,2.1,CASE,24/6oz.,DRY,0,,,,,,,,,,,,,,,1,5.0,20040629.0,,,,,,,,,10.5,,,,,,,,,,,,,,,,,
019537502,6,Soda Asst. Pepsi  8/2 lit.,130210009,,,0.0,CASE,228,5.32,CASE,8/2 lit.,DRY,0,,,,,,,,,,,,,,,1,6.0,20040629.0,,,,,,,,,31.92,,,,,,,,,,,,,,,,,
019537502,7,Canned Meals Asst. 11/15oz.,X160110002,,,0.0,CASE,12,1.74,CASE,11/15oz.,DRY,0.02,,,,,,,,,,,,,,,1,1.0,20040629.0,,,,,,,,,1.74,,,,,,,,,,,,,,,,,
019537502,8,Canned Vegatable Mixed 11/16oz.,X370210002,,,0.0,CASE,130,1.88,CASE,11/16oz.,DRY,0.02,,,,,,,,,,,,,,,1,10.0,20040629.0,,,,,,,,,18.8,,,,,,,,,,,,,,,,,
019537502,9,Canned Corn 11/15.25oz.,X370210003,,,0.0,CASE,130,1.88,CASE,11/15.25oz.,DRY,0.02,,,,,,,,,,,,,,,1,10.0,20040629.0,,,,,,,,,18.8,,,,,,,,,,,,,,,,,
019537452,2,Soda Asst. Pepsi 24/12oz.,130210008,,,0.0,CASE,46,3.22,CASE,24/12oz.,DRY,0,,,,,,,,,,,,,,,1,2.0,20040629.0,,,,,,,,,6.44,,,,,,,,,,,,,,,,,
019537452,3,Soda Asst. Pepsi  8/2 lit.,130210009,,,0.0,CASE,76,5.32,CASE,8/2 lit.,DRY,0,,,,,,,,,,,,,,,1,2.0,20040629.0,,,,,,,,,10.64,,,,,,,,,,,,,,,,,
019537452,4,Soda Lemon Lime 12/12oz.,130220001,,,0.0,CASE,10,1.4,CASE,12/12oz.,DRY,0,,,,,,,,,,,,,,,1,1.0,20040629.0,,,,,,,,,1.4,,,,,,,,,,,,,,,,,
019537452,5,Broccoli Cuts 18/16oz.,X376010001,,,0.0,CASE,18,6.3,CASE,18/16oz.,FROZEN,0.9,,,,,,,,,,,,,,,1,1.0,20040629.0,,,,,,,,,6.3,,,,,,,,,,,,,,,,,
019537452,6,Canned Corn 11/15.25oz.,X370210003,,,0.0,CASE,13,1.88,CASE,11/15.25oz.,DRY,0.02,,,,,,,,,,,,,,,1,1.0,20040629.0,,,,,,,,,1.88,,,,,,,,,,,,,,,,,
019537452,7,Canned Salmon Pink 24/14.75oz.,X250010003,,,0.0,CASE,54,14.18,CASE,24/14.75oz.,DRY,0.08,,,,,,,,,,,,,,,1,2.0,20040629.0,,,,,,,,,28.36,,,,,,,,,,,,,,,,,
019537452,8,Juice Cranberry RC 8/48oz.,240320010,,,0.0,CASE,56,3.92,CASE,8/48 oz.,DRY,0,,,,,,,,,,,,,,,1,2.0,20040629.0,,,,,,,,,7.84,,,,,,,,,,,,,,,,,
019537452,9,Juice Grape/Cherry 8/64oz.,240320005,,,0.0,CASE,76,5.32,CASE,8/64oz.,DRY,0,,,,,,,,,,,,,,,1,2.0,20040629.0,,,,,,,,,10.64,,,,,,,,,,,,,,,,,
019537452,10,Juice Cranberry 24/12oz.,240320003,,,0.0,CASE,23,3.22,CASE,24/12 oz.,DRY,0,,,,,,,,,,,,,,,1,1.0,20040629.0,,,,,,,,,3.22,,,,,,,,,,,,,,,,,
0010260755,8,Apple Juice,W14009,,,0.0,CASE,240,8.13,,24/11.5oz,DRY,8.13,,,,,,,,,,,,,,,1,10.0,20040805.0,,,,,,,,,81.3,,,,,,,,,,,,,,,,,
0010260755,9,Grape Juice,W14011,,,0.0,CASE,240,8.7,,24/11.5 oz,DRY,8.7,,,,,,,,,,,,,,,1,10.0,20040805.0,,,,,,,,,87,,,,,,,,,,,,,,,,,
0010260755,10,Apple Juice,W14012,,,0.0,CASE,110,12.41,,48/5.24 oz,DRY,12.41,,,,,,,,,,,,,,,1,5.0,20040805.0,,,,,,,,,62.05,,,,,,,,,,,,,,,,,
0010260755,11,Grape Juice,W14018,,,0.0,CASE,110,16.3,,48/5.24oz.,DRY,16.3,,,,,,,,,,,,,,,1,5.0,20040805.0,,,,,,,,,81.5,,,,,,,,,,,,,,,,,
0010260755,12,Pineapple Juice,W14019,,,0.0,CASE,220,12.38,,48/5.24 oz,DRY,12.38,,,,,,,,,,,,,,,1,10.0,20040805.0,,,,,,,,,123.8,,,,,,,,,,,,,,,,,
0010260755,13,Corned Beef,W15018,,,0.0,CASE,115,21.12,,24/12 oz,DRY,21.12,,,,,,,,,,,,,,,1,5.0,20040805.0,,,,,,,,,105.6,,,,,,,,,,,,,,,,,
0010260755,14,"Sausages, Vienna",W15053,,,0.0,CASE,75,17.65,,48/5 oz,DRY,17.65,,,,,,,,,,,,,,,1,5.0,20040805.0,,,,,,,,,88.25,,,,,,,,,,,,,,,,,
0010260755,15,Chicken N Dumplings,W15057,,,0.0,CASE,100,15.36,,12/24 oz,DRY,15.36,,,,,,,,,,,,,,,1,5.0,20040805.0,,,,,,,,,76.8,,,,,,,,,,,,,,,,,
0024AI035628,2,Orange Mountain Dew,1200001024,,,0.0,CS,2816,0,,18/8 oz cn,,0,,,,,,,,,,,,,,,1,256.0,20040805.0,,,,,,,,,0,,,,,,,,,,,,,,,,,
0024AI035628,3,FOOD PRODUCTS,FOOD000000,,,0.0,LB,5182,0,UNKOWN,VARIES,,0,,,,,,,,,,,,,,,1,5182.0,20040805.0,,,,,,,,,0,,,,,,,,,,,,,,,,,
0024AI035575,2,RED MOUNTAIN DEW,1200081134,,,0.0,CS,10,1.4,,12-12 oz cans,,0,,,,,,,,,,,,,,,1,1.0,20040805.0,,,,,,,,,1.4,,,,,,,,,,,,,,,,,
0024AI035575,3,WATERMELON PUNCH,4850075931,,,0.0,CS,19,2.66,,24-10OZ,,0,,,,,,,,,,,,,,,1,1.0,20040805.0,,,,,,,,,2.66,,,,,,,,,,,,,,,,,
0024AI035575,4,"USDA BEEF STEW, limit 2",1500113312,,,0.0,CS,42,5.88,,24/24 OZ,DRY,0,,,,,,,,,,,,,,,1,1.0,20040805.0,,,,,,,,,5.88,,,,,,,,,,,,,,,,,
0024AI035575,5,CANDY BAR ICE CREAM,4154829856,,,0.0,CS,8,1.12,,4/48 OZ FLUID  CTN.,,0,,,,,,,,,,,,,,,1,1.0,20040805.0,,,,,,,,,1.12,,,,,,,,,,,,,,,,,
0024AI035575,6,WHOLE FRESH EGGS,PUREGGS15,,,0.0,CS,0,3.5,CASE,15/1 DOZEN MEDIUM,REF,0,,,,,,,,,,,,,,,6,0.0,20040805.0,,,,,,,,,0,,,,,,,,,,,,,,,,,
0024AI035575,7,B/B CHUNK TUNA,24COST1900,,,0.0,CS,22,19,,48/ 6 OZ CANS,,0,,,,,,,,,,,,,,,1,1.0,20040805.0,,,,,,,,,19,,,,,,,,,,,,,,,,,
0010260782,2,Sardines,W15021,,,0.0,CASE,200,15.97,,50/4.4 oz.,DRY,15.97,,,,,,,,,,,,,,,1,10.0,20040805.0,,,,,,,,,159.7,,,,,,,,,,,,,,,,,
003001-20338,26,Wheaties 96-13/16oz,12252,,,0.0,CS,32,1.44,CASE,,DRY,0,,,,,,,,,,,,,,,1,4.0,20040618.0,,,,,,,,,5.76,,,,,,,,,,,,,,,,,
0010261213,2,Toasted Cheese Sandwich on Oat Bran Bread,DL06013,,,0.0,CASE,96,0,,100ct.,FROZEN,0,,,,,,,,,,,,,,,1,4.0,20040809.0,,,,,,,,,0,,,,,,,,,,,,,,,,,
0010261213,3,Bounty Basic Paper Towels,DY19016,,,0.0,CASE,16,0.56,,8 rolls,DRY,0,,,,,,,,,,,,,,,1,4.0,20040809.0,,,,,,,,,2.24,,,,,,,,,,,,,,,,,
0010261213,4,Tiny Tin Display,DY25202,,,0.0,CASE,60,1.68,,150/.40 oz,DRY,0,,,,,,,,,,,,,,,1,5.0,20040809.0,,,,,,,,,8.4,,,,,,,,,,,,,,,,,
0010261213,5,Parmesan Cheese Goldfish Crackers,DY25701,,,0.0,CASE,75,1.5,,300/.75oz,DRY,0,,,,,,,,,,,,,,,1,5.0,20040809.0,,,,,,,,,7.5,,,,,,,,,,,,,,,,,
003001-22876,2,Seniors Care Box Bulk Box,10400,,,0.0,CS,232,16.67,CASE,,,0,,,,,,,,,,,,,,,1,4.0,20040809.0,,,,,,,,,66.68,,,,,,,,,,,,,,,,,
003001-22785,2,SF - Turkey Bologna Sandwich (908),82052,,,0.0,EA,7,0.49,OTHER,,FROZEN,0,,,,,,,,,,,,,,,1,25.0,20040809.0,,,,,,,,,12.25,,,,,,,,,,,,,,,,,
003001-22785,3,SF - Orange Juice,82037,,,0.0,EA,6.25,0.10211,OTHER,,REF,0,,,,,,,,,,,,,,,1,25.0,20040809.0,,,,,,,,,2.55,,,,,,,,,,,,,,,,,
0010260775,4,Fiesta Beef Tomale Pie,DY06097,,,0.0,CASE,180,1.8,,4/4.5lb.,FROZEN,0,,,,,,,,,,,,,,,1,10.0,20040809.0,,,,,,,,,18,,,,,,,,,,,,,,,,,
003001-22785,4,SF - Mixed Fruit 4 oz,82059,,,0.0,EA,7.25,0.17493,OTHER,,DRY,0,,,,,,,,,,,,,,,1,25.0,20040809.0,,,,,,,,,4.37,,,,,,,,,,,,,,,,,
003001-22785,5,Milk 2% Reduced Fat 8oz,82048,,,0.0,EA,25,0.20151,OTHER,,REF,0,,,,,,,,,,,,,,,1,50.0,20040809.0,,,,,,,,,10.08,,,,,,,,,,,,,,,,,
003001-22736,2,SF - Club Sandwich (930),82055,,,0.0,EA,9.8,0.55,OTHER,,FROZEN,0,,,,,,,,,,,,,,,1,35.0,20040809.0,,,,,,,,,19.25,,,,,,,,,,,,,,,,,
003001-22736,3,SF - Mixed Fruit 4 oz,82059,,,0.0,EA,10.15,0.17493,OTHER,,DRY,0,,,,,,,,,,,,,,,1,35.0,20040809.0,,,,,,,,,6.12,,,,,,,,,,,,,,,,,
019537309,2,Sorted Miscellaneous Product,SMP,,,0.0,LB,373,0.14,CASE,Blue Receipt Sorted Misc. Prod,DRY,0,,,,,,,,,,,,,,,1,373.0,20040629.0,,,,,,,,,52.22,,,,,,,,,,,,,,,,,
019537309,3,Ivory Bar Soap  96pr.cs.,220330003,,,0.0,CASE,56,3.92,CASE,96pr.cs.,DRY,0,,,,,,,,,,,,,,,1,2.0,20040629.0,,,,,,,,,7.84,,,,,,,,,,,,,,,,,
019537281,2,Drink Blueberry/Strawberry 24/11oz.,130110021,,,0.0,CASE,38,2.66,CASE,24/11oz.,DRY,0,,,,,,,,,,,,,,,1,2.0,20040629.0,,,,,,,,,5.32,,,,,,,,,,,,,,,,,
019537281,3,Ice Cream Asst.  sizes N weights,186010003,,,0.0,LB,30,0.14,CASE,Sizes N Weights,FROZEN,0,,,,,,,,,,,,,,,1,30.0,20040629.0,,,,,,,,,4.2,,,,,,,,,,,,,,,,,
019537281,4,Juice Cranberry 24/12oz.,240320003,,,0.0,CASE,46,3.22,CASE,24/12 oz.,DRY,0,,,,,,,,,,,,,,,1,2.0,20040629.0,,,,,,,,,6.44,,,,,,,,,,,,,,,,,
019537281,5,Waffle Cones 216ct.,350030011,,,0.0,CASE,16,2.24,CASE,216ct.,DRY,0,,,,,,,,,,,,,,,1,1.0,20040629.0,,,,,,,,,2.24,,,,,,,,,,,,,,,,,
019537281,6,Snack Cheese Curls Hot 60/1.5oz.,350610045,,,0.0,CASE,8,1.12,CASE,60/1.5oz.,DRY,0,,,,,,,,,,,,,,,1,1.0,20040629.0,,,,,,,,,1.12,,,,,,,,,,,,,,,,,
019537281,7,Sorted Miscellaneous Product,SMP,,,0.0,LB,59,0.14,CASE,Blue Receipt Sorted Misc. Prod,DRY,0,,,,,,,,,,,,,,,1,59.0,20040629.0,,,,,,,,,8.26,,,,,,,,,,,,,,,,,
019537385,2,Sorted Miscellaneous Product,SMP,,,0.0,LB,701,0.03,CASE,Blue Receipt Sorted Misc. Prod,DRY,0,,,,,,,,,,,,,,,1,701.0,20040629.0,,,,,,,,,21.03,,,,,,,,,,,,,,,,,
019537376,2,Sorted Miscellaneous Product,SMP,,,0.0,LB,820,0.03,CASE,Blue Receipt Sorted Misc. Prod,DRY,0,,,,,,,,,,,,,,,1,820.0,20040629.0,,,,,,,,,24.6,,,,,,,,,,,,,,,,,
019537343,2,Soda Asst. Pepsi 24/12oz.,130210008,,,0.0,CASE,46,3.22,CASE,24/12oz.,DRY,0,,,,,,,,,,,,,,,1,2.0,20040629.0,,,,,,,,,6.44,,,,,,,,,,,,,,,,,
019537343,3,Milk Dry 12/25.06oz.,170230001,,,0.0,CASE,22,3.08,CASE,12/25.06oz.,DRY,0,,,,,,,,,,,,,,,1,1.0,20040629.0,,,,,,,,,3.08,,,,,,,,,,,,,,,,,
019537343,4,Ivory Bar Soap  96pr.cs.,220330003,,,0.0,CASE,28,3.92,CASE,96pr.cs.,DRY,0,,,,,,,,,,,,,,,1,1.0,20040629.0,,,,,,,,,3.92,,,,,,,,,,,,,,,,,
019537343,5,Juice Cranberry 24/12oz.,240320003,,,0.0,CASE,46,3.22,CASE,24/12 oz.,DRY,0,,,,,,,,,,,,,,,1,2.0,20040629.0,,,,,,,,,6.44,,,,,,,,,,,,,,,,,
019537343,6,Cookies Capuccino Cookies/Cream 6/32oz.,130110001,,,0.0,CASE,78,1.82,CASE,6/32oz.,DRY,0,,,,,,,,,,,,,,,1,6.0,20040629.0,,,,,,,,,10.92,,,,,,,,,,,,,,,,,
019537343,7,Canned Corn 11/15.25oz.,X370210003,,,0.0,CASE,52,1.88,CASE,11/15.25oz.,DRY,0.02,,,,,,,,,,,,,,,1,4.0,20040629.0,,,,,,,,,7.52,,,,,,,,,,,,,,,,,
019537343,8,Sorted Miscellaneous Product,SMP,,,0.0,LB,490,0.14,CASE,Blue Receipt Sorted Misc. Prod,DRY,0,,,,,,,,,,,,,,,1,490.0,20040629.0,,,,,,,,,68.6,,,,,,,,,,,,,,,,,
ID_325,2,Soda Asst. Pepsi 24/12oz.,130210008,,,0.0,CASE,92,3.22,CASE,24/12oz.,DRY,0,,,,,,,,,,,,,2.0,,0,4.0,20040629.0,,,,,,,,,12.88,,,,,,,,,,,,,,,,,
ID_325,3,Soda Lemon Lime 12/12oz.,130220001,,,0.0,CASE,40,1.4,CASE,12/12oz.,DRY,0,,,,,,,,,,,,,2.0,,0,4.0,20040629.0,,,,,,,,,5.6,,,,,,,,,,,,,,,,,
ID_325,4,Graham Cracker Crumbs 12/13.5oz.,140030002,,,0.0,CASE,48,1.68,CASE,12/13.5oz.,DRY,0,,,,,,,,,,,,,2.0,,0,4.0,20040629.0,,,,,,,,,6.72,,,,,,,,,,,,,,,,,
ID_325,5,Milk Dry 12/25.06oz.,170230001,,,0.0,CASE,88,3.08,CASE,12/25.06oz.,DRY,0,,,,,,,,,,,,,2.0,,0,4.0,20040629.0,,,,,,,,,12.32,,,,,,,,,,,,,,,,,
ID_325,6,Pantene Pro-v Conditioner 12/6.7oz.,220230002,,,0.0,CASE,48,0.84,CASE,12/6.7oz.,DRY,0,,,,,,,,,,,,,2.0,,0,8.0,20040629.0,,,,,,,,,6.72,,,,,,,,,,,,,,,,,
ID_325,7,Ivory Bar Soap  96pr.cs.,220330003,,,0.0,CASE,28,3.92,CASE,96pr.cs.,DRY,0,,,,,,,,,,,,,2.0,,0,1.0,20040629.0,,,,,,,,,3.92,,,,,,,,,,,,,,,,,
ID_325,8,Pantene Pro-v Body Enhancer 6/125ml,220330025,,,0.0,CASE,16,0.28,CASE,6/125ml.,DRY,0,,,,,,,,,,,,,2.0,,0,8.0,20040629.0,,,,,,,,,2.24,,,,,,,,,,,,,,,,,
ID_325,9,Juice Cranberry 24/12oz.,240320003,,,0.0,CASE,46,3.22,CASE,24/12 oz.,DRY,0,,,,,,,,,,,,,2.0,,0,2.0,20040629.0,,,,,,,,,6.44,,,,,,,,,,,,,,,,,
ID_325,10,Canned Corn 11/15.25oz.,X370210003,,,0.0,CASE,104,1.88,CASE,11/15.25oz.,DRY,0.02,,,,,,,,,,,,,2.0,,0,8.0,20040629.0,,,,,,,,,15.04,,,,,,,,,,,,,,,,,
ID_325,11,Snack Squeeze Stix P-nut/Choc 12/6-.09oz.,350610046,,,0.0,CASE,24,0.84,CASE,12/6-.09oz.,DRY,0,,,,,,,,,,,,,2.0,,0,4.0,20040629.0,,,,,,,,,3.36,,,,,,,,,,,,,,,,,
ID_325,12,Snack Cheese Curls Hot 60/1.5oz.,350610045,,,0.0,CASE,16,1.12,CASE,60/1.5oz.,DRY,0,,,,,,,,,,,,,2.0,,0,2.0,20040629.0,,,,,,,,,2.24,,,,,,,,,,,,,,,,,
ID_325,13,Juice Cranberry RC 8/48oz.,240320010,,,0.0,CASE,168,3.92,CASE,8/48 oz.,DRY,0,,,,,,,,,,,,,2.0,,0,6.0,20040629.0,,,,,,,,,23.52,,,,,,,,,,,,,,,,,
003001-22868,3,Nestea mix 12/1oz,12479,,,0.0,CS,35,1.26,CASE,,DRY,0,,,,,,,,,,,,,,,1,5.0,20040810.0,,,,,,,,,6.3,,,,,,,,,,,,,,,,,
003001-22868,4,Orange Juice 4pk-6-8oz R,12464,,,0.0,CS,75,2.7,CASE,,REF,0,,,,,,,,,,,,,,,1,5.0,20040810.0,,,,,,,,,13.5,,,,,,,,,,,,,,,,,
003001-22868,5,Sausage/biscuit (baked)2/6 lb(Z),12372,,,0.0,CS,60,2.16,CASE,,FROZEN,0,,,,,,,,,,,,,,,1,5.0,20040810.0,,,,,,,,,10.8,,,,,,,,,,,,,,,,,
003001-22868,6,Stuffed Black Olives 12/28oz Z,12439,,,0.0,CS,52,4.68,CASE,,FROZEN,0,,,,,,,,,,,,,,,1,2.0,20040810.0,,,,,,,,,9.36,,,,,,,,,,,,,,,,,
003001-22868,7,Purchase Lasagne Dinner 12/7.75oz,65843,,,0.0,CS,35,8.05,CASE,,DRY,0,,,,,,,,,,,,,,,1,5.0,20040810.0,,,,,,,,,40.25,,,,,,,,,,,,,,,,,
003001-22868,8,Bounty Paper Towel Bulk tote(5 boxes),12323,,,0.0,LB,35,0.18,CASE,,DRY,0,,,,,,,,,,,,,,,1,35.0,20040810.0,,,,,,,,,6.3,,,,,,,,,,,,,,,,,
003001-22868,9,One a Day Kids Chewable 2-d2-60cts,12403,,,0.0,CS,21,1.26,CASE,,DRY,0,,,,,,,,,,,,,,,1,3.0,20040810.0,,,,,,,,,3.78,,,,,,,,,,,,,,,,,
003001-22868,10,USDA Peanut Butter 12/18oz (D),60061,,,0.0,CS,77.5,2.17,CASE,,,0,,,,,,,,,,,,,,,1,5.0,20040810.0,,,,,,,,,10.85,,,,,,,,,,,,,,,,,
003001-22868,11,Cotton Candy 24 cts,11758,,,0.0,CS,15,0.54,CASE,,DRY,0,,,,,,,,,,,,,,,1,5.0,20040810.0,,,,,,,,,2.7,,,,,,,,,,,,,,,,,
003001-22868,12,Variety Pak Crackers 12/10cts,12362,,,0.0,CS,36,2.16,CASE,,DRY,0,,,,,,,,,,,,,,,1,3.0,20040810.0,,,,,,,,,6.48,,,,,,,,,,,,,,,,,
019537365,2,Pet food drives,110000005,,,0.0,LB,105,0,CASE,assortment,DRY,0,,,,,,,,,,,,,,,1,105.0,20040629.0,,,,,,,,,0,,,,,,,,,,,,,,,,,
019537365,3,Sorted Miscellaneous Product,SMP,,,0.0,LB,821,0.03,CASE,Blue Receipt Sorted Misc. Prod,DRY,0,,,,,,,,,,,,,,,1,821.0,20040629.0,,,,,,,,,24.63,,,,,,,,,,,,,,,,,
003001-22868,13,Crunch Toons Nacho 12/5.5oz,12405,,,0.0,CS,30,1.08,CASE,,DRY,0,,,,,,,,,,,,,,,1,5.0,20040810.0,,,,,,,,,5.4,,,,,,,,,,,,,,,,,
003001-22868,14,Turtles 12/7oz,12432,,,0.0,CS,48,2.88,CASE,,DRY,0,,,,,,,,,,,,,,,1,3.0,20040810.0,,,,,,,,,8.64,,,,,,,,,,,,,,,,,
003001-21609,19,Chex Cereal 14/16oz,12414,,,0.0,CS,54,3.24,CASE,,DRY,0,,,,,,,,,,,,,,,1,3.0,20040720.0,,,,,,,,,9.72,,,,,,,,,,,,,,,,,
0081ORD132835,2,"CANNED SALMON,ASST-PER LB",03ACS1,,,0.0,LB,225,0.07,POUNDS,,DRY,0,,,,,,,,,,,,,,,1,225.0,20040719.0,,,,,,,,,15.75,,,,,,,,,,,,,,,,,
0081ORD132835,3,"CANNED SALMON,ASST-PER LB",03ACS1,,,0.0,LB,442.5,0.07,POUNDS,,DRY,0,,,,,,,,,,,,,,,1,442.5,20040719.0,,,,,,,,,30.98,,,,,,,,,,,,,,,,,
0081ORD132835,4,POWER BARS-PER LB,03POW1,,,0.0,LB,240,0.07,POUNDS,,DRY,0,,,,,,,,,,,,,,,1,240.0,20040719.0,,,,,,,,,16.8,,,,,,,,,,,,,,,,,
0081ORD132835,5,KETCHUP - 6/2 PK 60.6 OZ EA,07KET4,,,0.0,CASE,784,3.43,,6/2 PK 60.6 OZ EA,DRY,0,,,,,,,,,,,,,,,1,16.0,20040719.0,,,,,,,,,54.88,,,,,,,,,,,,,,,,,
0081ORD132835,6,CANNED SALVAGE 40#,08CAN22,,,0.0,CASE,120,2.8,CASE,,DRY,0,,,,,,,,,,,,,,,1,3.0,20040719.0,,,,,,,,,8.4,,,,,,,,,,,,,,,,,
0081ORD132835,7,DRY SALVAGE 15#,08DRY2,,,0.0,CASE,60,1.05,CASE,,DRY,0,,,,,,,,,,,,,,,1,4.0,20040719.0,,,,,,,,,4.2,,,,,,,,,,,,,,,,,
0081ORD132835,8,PAPER SALVAGE 10#,08PAP6,,,0.0,CASE,20,0.7,,,DRY,0,,,,,,,,,,,,,,,1,2.0,20040719.0,,,,,,,,,1.4,,,,,,,,,,,,,,,,,
0081ORD132836,2,SAFEWAY STUFFING MIX 12/12 OZ-SEASONED,06STU25,,,0.0,CASE,44,0.77,,12/12 OZ,DRY,0,,,,,,,,,,,,,,,1,4.0,20040719.0,,,,,,,,,3.08,,,,,,,,,,,,,,,,,
0081ORD132836,3,"CANNED SALMON,ASST-PER LB",03ACS1,,,0.0,LB,44.25,0.07,POUNDS,,DRY,0,,,,,,,,,,,,,,,1,44.25,20040719.0,,,,,,,,,3.1,,,,,,,,,,,,,,,,,
0081ORD132836,4,KETCHUP - 6/2 PK 60.6 OZ EA,07KET4,,,0.0,CASE,392,3.43,,6/2 PK 60.6 OZ EA,DRY,0,,,,,,,,,,,,,,,1,8.0,20040719.0,,,,,,,,,27.44,,,,,,,,,,,,,,,,,
0081ORD132836,5,CANNED SALVAGE 40#,08CAN22,,,0.0,CASE,120,2.8,CASE,,DRY,0,,,,,,,,,,,,,,,1,3.0,20040719.0,,,,,,,,,8.4,,,,,,,,,,,,,,,,,
0081ORD132836,6,DRY SALVAGE 15#,08DRY2,,,0.0,CASE,60,1.05,CASE,,DRY,0,,,,,,,,,,,,,,,1,4.0,20040719.0,,,,,,,,,4.2,,,,,,,,,,,,,,,,,
0081ORD132836,7,MISC.-SALVAGE 15#,08MIS4,,,0.0,CASE,15,1.05,CASE,,DRY,0,,,,,,,,,,,,,,,1,1.0,20040719.0,,,,,,,,,1.05,,,,,,,,,,,,,,,,,
0081ORD132836,8,PERSONAL-SALVAGE 25#,08PER4,,,0.0,CASE,25,1.75,CASE,,DRY,0,,,,,,,,,,,,,,,1,1.0,20040719.0,,,,,,,,,1.75,,,,,,,,,,,,,,,,,
0081ORD132836,9,PAPER SALVAGE 10#,08PAP6,,,0.0,CASE,20,0.7,,,DRY,0,,,,,,,,,,,,,,,1,2.0,20040719.0,,,,,,,,,1.4,,,,,,,,,,,,,,,,,
003001-21911,2,USDA Egg Noodles 12/16oz (D),60047,,,0.0,CS,65,1.82,CASE,,,0,,,,,,,,,,,,,,,1,5.0,20040719.0,,,,,,,,,9.1,,,,,,,,,,,,,,,,,
003001-21911,3,USDA Pudding 12/14oz,60112,,,0.0,CS,60,1.68,CASE,,DRY,0,,,,,,,,,,,,,,,1,5.0,20040719.0,,,,,,,,,8.4,,,,,,,,,,,,,,,,,
003001-21911,4,USDA  Orange Juice 12/46oz Can (D),60052,,,0.0,CS,230,6.44,CASE,,,0,,,,,,,,,,,,,,,1,5.0,20040719.0,,,,,,,,,32.2,,,,,,,,,,,,,,,,,
003001-21911,5,USDA Potato Flakes 12/16oz D,60057,,,0.0,CS,75,2.1,CASE,,,0,,,,,,,,,,,,,,,1,5.0,20040719.0,,,,,,,,,10.5,,,,,,,,,,,,,,,,,
003001-21911,6,USDA Green Beans 24/300,60076,,,0.0,CS,130,3.64,CASE,,,0,,,,,,,,,,,,,,,1,5.0,20040719.0,,,,,,,,,18.2,,,,,,,,,,,,,,,,,
003001-21911,7,USDA  Peas 24/15oz(D),60129,,,0.0,CS,135,3.78,CASE,,DRY,0,,,,,,,,,,,,,,,1,5.0,20040719.0,,,,,,,,,18.9,,,,,,,,,,,,,,,,,
003001-21911,8,USDA Non Fat Dry Milk 12/25.6oz (D),60126,,,0.0,CS,110,1.54,CASE,,DRY,0,,,,,,,,,,,,,,,1,5.0,20040719.0,,,,,,,,,7.7,,,,,,,,,,,,,,,,,
003001-21911,9,Assorted Produce (R),40003,,,0.0,LB,720,0,LOOSE,,,0,,,,,,,,,,,,,,,1,720.0,20040719.0,,,,,,,,,0,,,,,,,,,,,,,,,,,
003001-21911,10,Schafer Bread,50020,,,0.0,LB,154,0,BAG,,,0,,,,,,,,,,,,,,,1,154.0,20040719.0,,,,,,,,,0,,,,,,,,,,,,,,,,,
003001-21911,11,General Reclamation D Bulk Box,40004,,,0.0,LB,244,0.18,BULKBOX,,,0,,,,,,,,,,,,,,,1,244.0,20040719.0,,,,,,,,,43.92,,,,,,,,,,,,,,,,,
003001-21911,12,P N G Extras,50015,,,0.0,LB,59,0.25,CASE,,DRY,0,,,,,,,,,,,,,,,1,59.0,20040719.0,,,,,,,,,14.75,,,,,,,,,,,,,,,,,
003001-21911,13,Potatoes 1/10 lb Bag (D),10097,,,0.0,EA,200,0,BAG,,,0,,,,,,,,,,,,,,,1,20.0,20040719.0,,,,,,,,,0,,,,,,,,,,,,,,,,,
019537496,2,USDA Cereal Rice Krispies 14/13.5oz,151010001,,,0.0,CASE,34,0,CASE,14/13.5oz,DRY,0,,,,,,,,,,,,,,,1,2.0,20040719.0,,,,,,,,,0,,,,,,,,,,,,,,,,,
019537496,3,USDA Vegatable Soup 24/1Lb.,161010001,,,0.0,CASE,76,0,CASE,24/1Lb.,DRY,0,,,,,,,,,,,,,,,1,4.0,20040719.0,,,,,,,,,0,,,,,,,,,,,,,,,,,
019537496,4,USDA Stew Beef Canned 24/24oz.,161010002,,,0.0,CASE,82,0,CASE,24/24 oz cans,DRY,0,,,,,,,,,,,,,,,1,2.0,20040719.0,,,,,,,,,0,,,,,,,,,,,,,,,,,
019537496,5,USDA Vegetable Soup 24/10.75oz.,161010004,,,0.0,CASE,40,0,CASE,24/10.75oz.,DRY,0,,,,,,,,,,,,,,,1,2.0,20040719.0,,,,,,,,,0,,,,,,,,,,,,,,,,,
019537496,6,USDA Milk Dry 12/25.06oz.,171010001,,,0.0,CASE,352,0,CASE,12/25.6oz.,DRY,0,,,,,,,,,,,,,,,1,16.0,20040719.0,,,,,,,,,0,,,,,,,,,,,,,,,,,
019537496,7,"USDA Milk, NF Inst Dry 6/4lbs",171010002,,,0.0,CASE,27,0,CASE,6/4 lb boxes,DRY,0,,,,,,,,,,,,,,,1,1.0,20040719.0,,,,,,,,,0,,,,,,,,,,,,,,,,,
019537496,8,USDA Pudding Chocolate 12/4/3.5,182010001,,,0.0,CASE,324,0,CASE,12/4/3.5oz. Usda,DRY,0,,,,,,,,,,,,,,,1,27.0,20040719.0,,,,,,,,,0,,,,,,,,,,,,,,,,,
019537496,9,USDA Pudding Vanilla12/4/3.5oz.,182010002,,,0.0,CASE,117,0,CASE,12/4/3.5 oz,DRY,0,,,,,,,,,,,,,,,1,9.0,20040719.0,,,,,,,,,0,,,,,,,,,,,,,,,,,
019537496,10,USDA Apple Sauce 24/#300,201010001,,,0.0,CASE,130,0,CASE,24/#300,DRY,0,,,,,,,,,,,,,,,1,5.0,20040719.0,,,,,,,,,0,,,,,,,,,,,,,,,,,
019537496,11,USDA Apricot Halves 24/#300,201010002,,,0.0,CASE,26,0,CASE,24/#300 cans,DRY,0,,,,,,,,,,,,,,,1,1.0,20040719.0,,,,,,,,,0,,,,,,,,,,,,,,,,,
019537496,12,USDA Pears canned 24/#300,201010003,,,0.0,CASE,52,0,CASE,24/#300,DRY,0,,,,,,,,,,,,,,,1,2.0,20040719.0,,,,,,,,,0,,,,,,,,,,,,,,,,,
019537496,13,USDA Mixed Fruit 24/#300 cans,201010009,,,0.0,CASE,135,0,CASE,24/#300 cans,DRY,0,,,,,,,,,,,,,,,1,5.0,20040719.0,,,,,,,,,0,,,,,,,,,,,,,,,,,
019537496,14,"USDA Peaches, Canned 24/#300",201010010,,,0.0,CASE,234,0,CASE,24/#300 cans,DRY,0,,,,,,,,,,,,,,,1,9.0,20040719.0,,,,,,,,,0,,,,,,,,,,,,,,,,,
019537496,15,USDA Raisin 24/15oz.,201010015,,,0.0,CASE,100,0,CASE,24/15oz.,DRY,0,,,,,,,,,,,,,,,1,4.0,20040719.0,,,,,,,,,0,,,,,,,,,,,,,,,,,
019537496,16,USDA Pineapple Tidbits in Juice 6/#10 cans,201010016,,,0.0,CASE,45,0,CASE,6/#10 cans,DRY,0,,,,,,,,,,,,,,,1,1.0,20040719.0,,,,,,,,,0,,,,,,,,,,,,,,,,,
019537496,17,USDA Dates Pitted Whole 24/1lb.,201010021,,,0.0,CASE,27,0,CASE,24/1lb.,DRY,0,,,,,,,,,,,,,,,1,1.0,20040719.0,,,,,,,,,0,,,,,,,,,,,,,,,,,
019537496,18,USDA Grits 8/5 Lbs. bags,211010002,,,0.0,CASE,246,0,CASE,8/5Lbs bag,DRY,0,,,,,,,,,,,,,,,1,6.0,20040719.0,,,,,,,,,0,,,,,,,,,,,,,,,,,
019537496,19,USDA Rolled Oats    12/3Lbs.,211010003,,,0.0,CASE,111,0,CASE,12/3Lbs.,DRY,0,,,,,,,,,,,,,,,1,3.0,20040719.0,,,,,,,,,0,,,,,,,,,,,,,,,,,
019537496,20,"USDA Juice, Apple 12/46oz cans",241010001,,,0.0,CASE,172,0,CASE,12/46 oz cans,DRY,0,,,,,,,,,,,,,,,1,4.0,20040719.0,,,,,,,,,0,,,,,,,,,,,,,,,,,
019537496,21,"USDA Juice, Cran/Apple 12/46oz",241010002,,,0.0,CASE,132,0,CASE,12/46 oz cans,DRY,0,,,,,,,,,,,,,,,1,3.0,20040719.0,,,,,,,,,0,,,,,,,,,,,,,,,,,
019537496,22,USDA Juice Tomato 12/46oz.,241010006,,,0.0,CASE,126,0,CASE,12/46oz.,DRY,0,,,,,,,,,,,,,,,1,3.0,20040719.0,,,,,,,,,0,,,,,,,,,,,,,,,,,
019537496,23,"USDA Juice, Pineapple 12/46oz",241010007,,,0.0,CASE,84,0,CASE,12/46 oz cans,DRY,0,,,,,,,,,,,,,,,1,2.0,20040719.0,,,,,,,,,0,,,,,,,,,,,,,,,,,
019537496,24,"USDA Juice, Orange 12/46oz can",241010008,,,0.0,CASE,430,0,CASE,12/46oz cans,DRY,0,,,,,,,,,,,,,,,1,10.0,20040719.0,,,,,,,,,0,,,,,,,,,,,,,,,,,
019537496,25,"USDA Chicken, Canned 24/29oz",251010002,,,0.0,CASE,150,0,CASE,24/29 oz cans whole chicken,DRY,0,,,,,,,,,,,,,,,1,3.0,20040719.0,,,,,,,,,0,,,,,,,,,,,,,,,,,
019537496,26,"USDA Pork, Canned 24/29oz",251010003,,,0.0,CASE,102,0,CASE,24/29 oz cans shredded pork,DRY,0,,,,,,,,,,,,,,,1,2.0,20040719.0,,,,,,,,,0,,,,,,,,,,,,,,,,,
019537496,27,USDA Canned Salmon 24/14.75oz.,251010004,,,0.0,CASE,81,0,CASE,24/14.75oz.,DRY,0,,,,,,,,,,,,,,,1,3.0,20040719.0,,,,,,,,,0,,,,,,,,,,,,,,,,,
019537496,28,USDA Spaghetti 12/2 lb bags,311010003,,,0.0,CASE,150,0,CASE,12/2 lb bags,DRY,0,,,,,,,,,,,,,,,1,6.0,20040719.0,,,,,,,,,0,,,,,,,,,,,,,,,,,
003001-18852,4,P N G Extras,50015,,,0.0,LB,130,0.25,CASE,,DRY,0,,,,,,,,,,,,,,,1,130.0,20040701.0,,,,,,,,,32.5,,,,,,,,,,,,,,,,,
003001-18852,5,Potatoes 1/10 lb Bag (D),10097,,,0.0,EA,300,0,BAG,,,0,,,,,,,,,,,,,,,1,30.0,20040701.0,,,,,,,,,0,,,,,,,,,,,,,,,,,
ID_325,14,Beverages Asst 35 lb Box,01008,,,5.0,CASE,35,4.2,Case,,Dry,0,,,,,,,,,,,,,2.0,,0,,,,,,,,,,,,,,,,,,,,,,,,,,,,
ID_325,16,Caffine Free Diet Pepsi 36-12oz.Cans,24940,,,3.0,CASE,30,3.6,Can,,Dry,0,,,,,,,,,,,,,2.0,,0,,,,,,,,,,,,,,,,,,,,,,,,,,,,
003001-22839,2,USDA Potato Flakes 12/16oz D,60057,,,0.0,CS,75,2.1,CASE,,,0,,,,,,,,,,,,,,,1,5.0,20040806.0,,,,,,,,,10.5,,,,,,,,,,,,,,,,,
0010261054,8,Frozen Orange Juice,DL14021,,,0.0,CASE,440,2.2,,70/4oz.,FROZEN,0,,,,,,,,,,,,,,,1,20.0,20040810.0,,,,,,,,,44,,,,,,,,,,,,,,,,,
0010261054,9,Asst. Tropicana,DL14023,,,0.0,CASE,0,1.8,,4-6/8oz.,REF,0,,,,,,,,,,,,,,,6,0.0,20040810.0,,,,,,,,,0,,,,,,,,,,,,,,,,,
0010261054,10,Bounty Basic Paper Towels,DY19016,,,0.0,CASE,16,0.56,,8 rolls,DRY,0,,,,,,,,,,,,,,,1,4.0,20040810.0,,,,,,,,,2.24,,,,,,,,,,,,,,,,,
0010261054,11,Pantry Box Asst.Pasta,DL21005,,,0.0,CASE,0,0,,25lb,DRY,0,,,,,,,,,,,,,,,6,0.0,20040810.0,,,,,,,,,0,,,,,,,,,,,,,,,,,
0010261054,12,Medium Noodles,DL21021,,,0.0,CASE,28,0.7,,12/8oz,DRY,0,,,,,,,,,,,,,,,1,4.0,20040810.0,,,,,,,,,2.8,,,,,,,,,,,,,,,,,
0010261054,13,Tubettini,DL21022,,,0.0,CASE,56,1.4,,12/6oz,DRY,0,,,,,,,,,,,,,,,1,4.0,20040810.0,,,,,,,,,5.6,,,,,,,,,,,,,,,,,
0010261054,14,Thin Spaghetti,DL21023,,,0.0,CASE,0,1.3,,24/7oz,DRY,0,,,,,,,,,,,,,,,6,0.0,20040810.0,,,,,,,,,0,,,,,,,,,,,,,,,,,
0010261054,15,Elbow Macaroni,DL21024,,,0.0,CASE,72,1.2,,12/13.25oz,DRY,0,,,,,,,,,,,,,,,1,6.0,20040810.0,,,,,,,,,7.2,,,,,,,,,,,,,,,,,
0010261054,16,Spaghetti,DL21025,,,0.0,CASE,72,2.4,,8/3lb,DRY,0,,,,,,,,,,,,,,,1,3.0,20040810.0,,,,,,,,,7.2,,,,,,,,,,,,,,,,,
0010261054,17,Medium Shells,DL21026,,,0.0,CASE,48,1.2,,12/16oz,DRY,0,,,,,,,,,,,,,,,1,4.0,20040810.0,,,,,,,,,4.8,,,,,,,,,,,,,,,,,
0010261054,18,Rice,DL24004,,,0.0,CASE,40,2,,20 lbs.,DRY,0,,,,,,,,,,,,,,,1,2.0,20040810.0,,,,,,,,,4,,,,,,,,,,,,,,,,,
0010261054,19,Swiss Fudge Cookies,DL25480,,,0.0,CASE,16,1.12,,12/8 oz,DRY,0,,,,,,,,,,,,,,,1,2.0,20040810.0,,,,,,,,,2.24,,,,,,,,,,,,,,,,,
0010261054,20,Elfudge Butterfinger Blasted Cookies,DY25690,,,0.0,CASE,33,1.54,,12/12oz.,DRY,0,,,,,,,,,,,,,,,1,3.0,20040810.0,,,,,,,,,4.62,,,,,,,,,,,,,,,,,
0010261054,21,Asst Creme Cookies,DY25702,,,0.0,CASE,32,2.24,,96ct.,DRY,0,,,,,,,,,,,,,,,1,2.0,20040810.0,,,,,,,,,4.48,,,,,,,,,,,,,,,,,
0010261054,22,Cake Mix w/Cream Filling,DY26090,,,0.0,CASE,36,1.68,,12/1 lbs.,DRY,0,,,,,,,,,,,,,,,1,3.0,20040810.0,,,,,,,,,5.04,,,,,,,,,,,,,,,,,
0010261054,23,Green Beans,DY27019,,,0.0,CASE,60,1,,10lbs,FROZEN,0,,,,,,,,,,,,,,,1,6.0,20040810.0,,,,,,,,,6,,,,,,,,,,,,,,,,,
0010261054,24,Pantry Box (french style Green Beans froz)Repacked,DY27068,,,0.0,CASE,160,0,,2/8Lb Bags Per Case,FROZEN,0,,,,,,,,,,,,,,,1,10.0,20040810.0,,,,,,,,,0,,,,,,,,,,,,,,,,,
0010261054,25,Whole Kernel Corn (repacked),DY27071,,,0.0,CASE,46,2.3,,3/#10 Cans,DRY,0,,,,,,,,,,,,,,,1,2.0,20040810.0,,,,,,,,,4.6,,,,,,,,,,,,,,,,,
0010261054,26,Roasted Vegetables,DY27072,,,0.0,CASE,64,1.6,,28/8oz.,FROZEN,0,,,,,,,,,,,,,,,1,4.0,20040810.0,,,,,,,,,6.4,,,,,,,,,,,,,,,,,
ID_252,2,"Milk, Instant Non-Fat Dry",T07002,,,16.0,,0,0,,12/25.6oz.,,0,,,,,,,,,,,,,,,6,0.0,20040719.0,,,,,,,,,0,,,,,,,,,,,,,,,,,
ID_252,3,"Juice, Apple",T14001,,,4.0,,0,0,,12/46oz.,,0,,,,,,,,,,,,,,,6,0.0,20040719.0,,,,,,,,,0,,,,,,,,,,,,,,,,,
ID_252,4,"Juice, Orange",T14003,,,14.0,,0,0,,12/46oz.,,0,,,,,,,,,,,,,,,6,0.0,20040719.0,,,,,,,,,0,,,,,,,,,,,,,,,,,
ID_252,5,"Chicken, Whole",T15009,,,10.0,,0,0,,10/4lb.,,0,,,,,,,,,,,,,,,6,0.0,20040719.0,,,,,,,,,0,,,,,,,,,,,,,,,,,
ID_252,6,Spaghetti,T21001,,,12.0,,0,0,,12/2lb.,,0,,,,,,,,,,,,,,,6,0.0,20040719.0,,,,,,,,,0,,,,,,,,,,,,,,,,,
ID_252,7,"Beans, Kidney",T23009,,,10.0,,0,0,,12/2 lb.,,0,,,,,,,,,,,,,,,6,0.0,20040719.0,,,,,,,,,0,,,,,,,,,,,,,,,,,
ID_252,8,Peanut Butter,T23003,,,16.0,,0,0,,12/18oz.,,0,,,,,,,,,,,,,,,6,0.0,20040719.0,,,,,,,,,0,,,,,,,,,,,,,,,,,
ID_252,9,Vegetable Oil,T26003,,,14.0,,0,0,,8/48oz.,,0,,,,,,,,,,,,,,,6,0.0,20040719.0,,,,,,,,,0,,,,,,,,,,,,,,,,,
ID_252,10,"Beans, Green",T23008,,,12.0,,0,0,,24/15oz.,,0,,,,,,,,,,,,,,,6,0.0,20040719.0,,,,,,,,,0,,,,,,,,,,,,,,,,,
ID_252,11,"Corn, Whole Kernel",T27009,,,14.0,,0,0,,24/15oz.,,0,,,,,,,,,,,,,,,6,0.0,20040719.0,,,,,,,,,0,,,,,,,,,,,,,,,,,
003001-22087,2,SF - Orange Juice,82037,,,0.0,EA,10,0.10211,OTHER,,REF,0,,,,,,,,,,,,,,,1,40.0,20040719.0,,,,,,,,,4.08,,,,,,,,,,,,,,,,,
003001-22087,3,Milk 2% Reduced Fat 8oz,82048,,,0.0,EA,20,0.2015,OTHER,,REF,0,,,,,,,,,,,,,,,1,40.0,20040719.0,,,,,,,,,8.06,,,,,,,,,,,,,,,,,
003001-22087,4,SF - Turkey and Cheese Sandwich (910),82053,,,0.0,EA,19.6,0.53,OTHER,,FROZEN,0,,,,,,,,,,,,,,,1,70.0,20040719.0,,,,,,,,,37.1,,,,,,,,,,,,,,,,,
003001-22087,5,Tropical Fruit Salad 14 oz,82067,,,0.0,EA,70,0.18,OTHER,,DRY,0,,,,,,,,,,,,,,,1,70.0,20040719.0,,,,,,,,,12.6,,,,,,,,,,,,,,,,,
003001-22087,6,SF - Apple Juice,82038,,,0.0,EA,17.5,0.092,OTHER,,REF,0,,,,,,,,,,,,,,,1,70.0,20040719.0,,,,,,,,,6.44,,,,,,,,,,,,,,,,,
003001-22087,7,Chocolate Milk,82049,,,0.0,EA,35,0.21551,OTHER,,REF,0,,,,,,,,,,,,,,,1,70.0,20040719.0,,,,,,,,,15.09,,,,,,,,,,,,,,,,,
003001-22075,2,SF - Orange Juice,82037,,,0.0,EA,22.5,0.10211,OTHER,,REF,0,,,,,,,,,,,,,,,1,90.0,20040719.0,,,,,,,,,9.19,,,,,,,,,,,,,,,,,
003001-22075,3,Milk 2% Reduced Fat 8oz,82048,,,0.0,EA,45,0.2015,OTHER,,REF,0,,,,,,,,,,,,,,,1,90.0,20040719.0,,,,,,,,,18.14,,,,,,,,,,,,,,,,,
003001-22075,4,Swedish Meatballs (310),82041,,,0.0,EA,126.5,1.35,OTHER,,FROZEN,0,,,,,,,,,,,,,,,1,110.0,20040719.0,,,,,,,,,148.5,,,,,,,,,,,,,,,,,
003001-22075,5,Chocolate Milk,82049,,,0.0,EA,55,0.21551,OTHER,,REF,0,,,,,,,,,,,,,,,1,110.0,20040719.0,,,,,,,,,23.71,,,,,,,,,,,,,,,,,
003001-22011,2,SF - Apple Juice,82038,,,0.0,EA,2.5,0.092,OTHER,,REF,0,,,,,,,,,,,,,,,1,10.0,20040719.0,,,,,,,,,0.92,,,,,,,,,,,,,,,,,
003001-22011,3,Milk 2% Reduced Fat 8oz,82048,,,0.0,EA,15,0.2015,OTHER,,REF,0,,,,,,,,,,,,,,,1,30.0,20040719.0,,,,,,,,,6.05,,,,,,,,,,,,,,,,,
003001-22011,4,Lasagna Casserole (623),82047,,,0.0,EA,21,1.32,OTHER,,FROZEN,0,,,,,,,,,,,,,,,1,20.0,20040719.0,,,,,,,,,26.4,,,,,,,,,,,,,,,,,
003001-22011,5,SF - Assorted Snacks,82060,,,0.0,CS,21.5,0,CASE,,DRY,0,,,,,,,,,,,,,,,1,1.0,20040719.0,,,,,,,,,0,,,,,,,,,,,,,,,,,
003001-22011,6,Foam Trays 100ct,82051,,,0.0,CS,9,1.62,OTHER,,DRY,0,,,,,,,,,,,,,,,1,1.0,20040719.0,,,,,,,,,1.62,,,,,,,,,,,,,,,,,
003001-22010,2,SF - Apple Juice,82038,,,0.0,EA,5,0.092,OTHER,,REF,0,,,,,,,,,,,,,,,1,20.0,20040719.0,,,,,,,,,1.84,,,,,,,,,,,,,,,,,
003001-22010,3,Milk 2% Reduced Fat 8oz,82048,,,0.0,EA,6,0.2015,OTHER,,REF,0,,,,,,,,,,,,,,,1,12.0,20040719.0,,,,,,,,,2.42,,,,,,,,,,,,,,,,,
003001-22010,4,Lasagna Casserole (623),82047,,,0.0,EA,21,1.32,OTHER,,FROZEN,0,,,,,,,,,,,,,,,1,20.0,20040719.0,,,,,,,,,26.4,,,,,,,,,,,,,,,,,
003001-22003,2,SF - Apple Juice,82038,,,0.0,EA,10,0.092,OTHER,,REF,0,,,,,,,,,,,,,,,1,40.0,20040719.0,,,,,,,,,3.68,,,,,,,,,,,,,,,,,
003001-22003,3,SF - Orange Juice,82037,,,0.0,EA,18.75,0.10211,OTHER,,REF,0,,,,,,,,,,,,,,,1,75.0,20040719.0,,,,,,,,,7.66,,,,,,,,,,,,,,,,,
003001-21995,2,SF - Turkey Bologna Sandwich (908),82052,,,0.0,EA,12.6,0.49,OTHER,,FROZEN,0,,,,,,,,,,,,,,,1,45.0,20040719.0,,,,,,,,,22.05,,,,,,,,,,,,,,,,,
003001-21995,3,SF - Diced Peaches 4 oz,82058,,,0.0,EA,13.05,0.16667,OTHER,,DRY,0,,,,,,,,,,,,,,,1,45.0,20040719.0,,,,,,,,,7.5,,,,,,,,,,,,,,,,,
003001-21995,4,SF - Orange Juice,82037,,,0.0,EA,11.25,0.10212,OTHER,,REF,0,,,,,,,,,,,,,,,1,45.0,20040719.0,,,,,,,,,4.6,,,,,,,,,,,,,,,,,
003001-21995,5,Milk 2% Reduced Fat 8oz,82048,,,0.0,EA,45,0.2015,OTHER,,REF,0,,,,,,,,,,,,,,,1,90.0,20040719.0,,,,,,,,,18.14,,,,,,,,,,,,,,,,,
003001-21995,6,Assorted Cereal - 70 ct,82063,,,0.0,CS,7,1.26,CASE,,DRY,0,,,,,,,,,,,,,,,1,1.0,20040719.0,,,,,,,,,1.26,,,,,,,,,,,,,,,,,
003001-21995,7,SF - Assorted Snacks,82060,,,0.0,CS,21.5,0,CASE,,DRY,0,,,,,,,,,,,,,,,1,1.0,20040719.0,,,,,,,,,0,,,,,,,,,,,,,,,,,
003001-21997,2,SF - Turkey Bologna Sandwich (908),82052,,,0.0,EA,5.6,0.49,OTHER,,FROZEN,0,,,,,,,,,,,,,,,1,20.0,20040719.0,,,,,,,,,9.8,,,,,,,,,,,,,,,,,
003001-21997,3,SF - Diced Peaches 4 oz,82058,,,0.0,EA,5.8,0.16667,OTHER,,DRY,0,,,,,,,,,,,,,,,1,20.0,20040719.0,,,,,,,,,3.33,,,,,,,,,,,,,,,,,
003001-21997,4,SF - Orange Juice,82037,,,0.0,EA,5,0.10212,OTHER,,REF,0,,,,,,,,,,,,,,,1,20.0,20040719.0,,,,,,,,,2.04,,,,,,,,,,,,,,,,,
003001-21997,5,Milk 2% Reduced Fat 8oz,82048,,,0.0,EA,10,0.2015,OTHER,,REF,0,,,,,,,,,,,,,,,1,20.0,20040719.0,,,,,,,,,4.03,,,,,,,,,,,,,,,,,
003001-22001,2,SF - Turkey Bologna Sandwich (908),82052,,,0.0,EA,9.8,0.49,OTHER,,FROZEN,0,,,,,,,,,,,,,,,1,35.0,20040719.0,,,,,,,,,17.15,,,,,,,,,,,,,,,,,
003001-22001,3,SF - Diced Peaches 4 oz,82058,,,0.0,EA,10.15,0.16667,OTHER,,DRY,0,,,,,,,,,,,,,,,1,35.0,20040719.0,,,,,,,,,5.83,,,,,,,,,,,,,,,,,
003001-21516,16,Purchase Bologna 12-1lbs,65820,,,0.0,CS,36,7.88,CASE,,FROZEN,0,,,,,,,,,,,,,,,1,3.0,20040702.0,,,,,,,,,23.64,,,,,,,,,,,,,,,,,
003001-21516,17,Purchase Hambuger Patties 20 lbs Bulk,65826,,,0.0,CS,21,19.747,CASE,,FROZEN,0,,,,,,,,,,,,,,,1,1.0,20040702.0,,,,,,,,,19.75,,,,,,,,,,,,,,,,,
003001-21773,18,USDA  Orange Juice 12/46oz Can (D),60052,,,0.0,CS,138,6.44,CASE,,,0,,,,,,,,,,,,,,,1,3.0,20040719.0,,,,,,,,,19.32,,,,,,,,,,,,,,,,,
003001-21773,19,USDA Potato Flakes 12/16oz D,60057,,,0.0,CS,150,2.1,CASE,,,0,,,,,,,,,,,,,,,1,10.0,20040719.0,,,,,,,,,21,,,,,,,,,,,,,,,,,
003001-21773,20,Sausage Rolls (baked) 6/2lb(Z),12372,,,0.0,CS,72,2.16,CASE,,FROZEN,0,,,,,,,,,,,,,,,1,6.0,20040719.0,,,,,,,,,12.96,,,,,,,,,,,,,,,,,
003001-21773,21,Purch Mac NCheese  24/7.2 oz (D),65752,,,0.0,CS,13,6.48,CASE,,DRY,0,,,,,,,,,,,,,,,1,1.0,20040719.0,,,,,,,,,6.48,,,,,,,,,,,,,,,,,
003001-21773,22,Asst Pizza   box (Z),65840,,,0.0,CS,84,2.52,CASE,,FROZEN,0,,,,,,,,,,,,,,,1,6.0,20040719.0,,,,,,,,,15.12,,,,,,,,,,,,,,,,,
003001-21773,23,Bounce Softener sheet 15/25 cts,12380,,,0.0,CS,16,0.72,CASE,,DRY,0,,,,,,,,,,,,,,,1,4.0,20040719.0,,,,,,,,,2.88,,,,,,,,,,,,,,,,,
003001-21773,24,USDA Egg Noodles 12/16oz (D),60047,,,0.0,CS,104,1.82,CASE,,,0,,,,,,,,,,,,,,,1,8.0,20040719.0,,,,,,,,,14.56,,,,,,,,,,,,,,,,,
003001-21773,25,USDA  Macaroni 24/1lbs (D),60115,,,0.0,CS,52,3.64,CASE,,DRY,0,,,,,,,,,,,,,,,1,2.0,20040719.0,,,,,,,,,7.28,,,,,,,,,,,,,,,,,
003001-21773,26,USDA Spaghetti 12/2lbs (D),60128,,,0.0,CS,72,3.36,CASE,,DRY,0,,,,,,,,,,,,,,,1,3.0,20040719.0,,,,,,,,,10.08,,,,,,,,,,,,,,,,,
003001-21773,27,Purchase Toothbrush  12 count (D),65830,,,0.0,CS,1,4,CASE,,DRY,0,,,,,,,,,,,,,,,1,1.0,20040719.0,,,,,,,,,4,,,,,,,,,,,,,,,,,
003001-21773,28,Purchase Hambuger Patties 20 lbs Bulk,65826,,,0.0,CS,42,19.747,CASE,,FROZEN,0,,,,,,,,,,,,,,,1,2.0,20040719.0,,,,,,,,,39.49,,,,,,,,,,,,,,,,,
003001-21773,29,Purchase Picnic Ham Should Bulk(Z),65815,,,0.0,CS,69,29.25,CASE,,FROZEN,0,,,,,,,,,,,,,,,1,1.0,20040719.0,,,,,,,,,29.25,,,,,,,,,,,,,,,,,
003001-21773,30,Ice Breaker Gum Bulk,12270,,,0.0,CS,44,4.4,CASE,,DRY,0,,,,,,,,,,,,,,,1,1.0,20040719.0,,,,,,,,,4.4,,,,,,,,,,,,,,,,,
003001-21773,31,Toasted Coconut Bulk (D),12338,,,0.0,CS,44,1.98,CASE,,DRY,0,,,,,,,,,,,,,,,1,4.0,20040719.0,,,,,,,,,7.92,,,,,,,,,,,,,,,,,
003001-21773,32,Graham Crackers 150/3cts (D),12346,,,0.0,CS,8,1.44,CASE,,DRY,0,,,,,,,,,,,,,,,1,1.0,20040719.0,,,,,,,,,1.44,,,,,,,,,,,,,,,,,
003001-21773,33,Caramel Nut Popcorn 36/2.oz (D),12349,,,0.0,CS,42,1.26,CASE,,DRY,0,,,,,,,,,,,,,,,1,6.0,20040719.0,,,,,,,,,7.56,,,,,,,,,,,,,,,,,
003001-21773,34,Crunch-N-Munch Caramel 12/4oz,12368,,,0.0,CS,20,0.9,CASE,,DRY,0,,,,,,,,,,,,,,,1,4.0,20040719.0,,,,,,,,,3.6,,,,,,,,,,,,,,,,,
003001-21773,35,Granola Bars (Banana Nut)6-28/1.5oz,12355,,,0.0,CS,38,3.42,CASE,,DRY,0,,,,,,,,,,,,,,,1,2.0,20040719.0,,,,,,,,,6.84,,,,,,,,,,,,,,,,,
003001-21773,36,Wonder Ball 6 crt 45/1oz,12390,,,0.0,CS,46,4.14,CASE,,DRY,0,,,,,,,,,,,,,,,1,2.0,20040719.0,,,,,,,,,8.28,,,,,,,,,,,,,,,,,
003001-21773,37,USDA Green Beans 24/300,60076,,,0.0,CS,104,3.64,CASE,,,0,,,,,,,,,,,,,,,1,4.0,20040719.0,,,,,,,,,14.56,,,,,,,,,,,,,,,,,
003001-21773,38,USDA  Peas 24/15oz(D),60129,,,0.0,CS,108,3.78,CASE,,DRY,0,,,,,,,,,,,,,,,1,4.0,20040719.0,,,,,,,,,15.12,,,,,,,,,,,,,,,,,
003001-20728,2,USDA  Macaroni 24/1lbs (D),60115,,,0.0,CS,156,3.64,CASE,,DRY,0,,,,,,,,,,,,,,,1,6.0,20040719.0,,,,,,,,,21.84,,,,,,,,,,,,,,,,,
003001-20728,3,Venison 20/2lbs (Z),12299,,,0.0,CS,240,7.2,CASE,,FROZEN,0,,,,,,,,,,,,,,,1,6.0,20040719.0,,,,,,,,,43.2,,,,,,,,,,,,,,,,,
003001-20728,4,Boxed Canned Vegeies Bulk Box(D),50011,,,0.0,CS,80,10,CASE,,,0,,,,,,,,,,,,,,,1,2.0,20040719.0,,,,,,,,,20,,,,,,,,,,,,,,,,,
003001-20728,5,USDA  Peas 24/15oz(D),60129,,,0.0,CS,108,3.78,CASE,,DRY,0,,,,,,,,,,,,,,,1,4.0,20040719.0,,,,,,,,,15.12,,,,,,,,,,,,,,,,,
003001-20728,6,Boxed Canned Soup Bulk Box(D),50004,,,0.0,CS,120,10,CASE,,,0,,,,,,,,,,,,,,,1,3.0,20040719.0,,,,,,,,,30,,,,,,,,,,,,,,,,,
003001-20728,7,USDA Applesauce 24/16 oz. Cans D,60004,,,0.0,CS,81,3.78,CASE,,,0,,,,,,,,,,,,,,,1,3.0,20040719.0,,,,,,,,,11.34,,,,,,,,,,,,,,,,,
003001-20728,8,USDA Egg Noodles 12/16oz,60047,,,0.0,CS,130,1.82,CASE,,,0,,,,,,,,,,,,,,,1,10.0,20040719.0,,,,,,,,,18.2,,,,,,,,,,,,,,,,,
003001-20728,9,USDA Green Beans 24/300,60076,,,0.0,CS,78,3.64,CASE,,,0,,,,,,,,,,,,,,,1,3.0,20040719.0,,,,,,,,,10.92,,,,,,,,,,,,,,,,,
003001-20728,10,USDA Potato Flakes 12/16oz D,60057,,,0.0,CS,75,2.1,CASE,,,0,,,,,,,,,,,,,,,1,5.0,20040719.0,,,,,,,,,10.5,,,,,,,,,,,,,,,,,
003001-20728,11,USDA Green Beans 24/300,60076,,,0.0,CS,78,3.64,CASE,,,0,,,,,,,,,,,,,,,1,3.0,20040719.0,,,,,,,,,10.92,,,,,,,,,,,,,,,,,
019537597,2,Drink Frapuccino 24/9.5oz.,130110015,,,0.0,CASE,33,4.62,CASE,24/9.5oz.,DRY,0,,,,,,,,,,,,,,,1,1.0,20040719.0,,,,,,,,,4.62,,,,,,,,,,,,,,,,,
019537597,3,Drink Omija Berry 24/6.64oz.,130130010,,,0.0,CASE,36,2.52,CASE,34/6.64oz.,DRY,0,,,,,,,,,,,,,,,1,2.0,20040719.0,,,,,,,,,5.04,,,,,,,,,,,,,,,,,
019537597,4,Soda Asst. Pepsi 24/12oz.,130210008,,,0.0,CASE,23,3.22,CASE,24/12oz.,DRY,0,,,,,,,,,,,,,,,1,1.0,20040719.0,,,,,,,,,3.22,,,,,,,,,,,,,,,,,
019537597,5,PeanutButter Sprinkle Dessert Top. 12/4oz.,360420001,,,0.0,CASE,8,0.56,CASE,12/4oz.,DRY,0,,,,,,,,,,,,,,,1,2.0,20040719.0,,,,,,,,,1.12,,,,,,,,,,,,,,,,,
019537597,6,Pantene Pro-v Conditioner 12/6.7oz.,220230002,,,0.0,CASE,12,0.84,CASE,12/6.7oz.,DRY,0,,,,,,,,,,,,,,,1,2.0,20040719.0,,,,,,,,,1.68,,,,,,,,,,,,,,,,,
019537584,2,Drink Frapuccino 24/9.5oz.,130110015,,,0.0,CASE,33,4.62,CASE,24/9.5oz.,DRY,0,,,,,,,,,,,,,,,1,1.0,20040719.0,,,,,,,,,4.62,,,,,,,,,,,,,,,,,
019537584,3,Drink Omija Berry 24/6.64oz.,130130010,,,0.0,CASE,36,2.52,CASE,34/6.64oz.,DRY,0,,,,,,,,,,,,,,,1,2.0,20040719.0,,,,,,,,,5.04,,,,,,,,,,,,,,,,,
019537584,4,Lunchables Turkey Breast/Cheedar 12/5.2oz.,165030004,,,0.0,CASE,24,1.68,CASE,12/5.2oz.,REF,0,,,,,,,,,,,,,,,1,2.0,20040719.0,,,,,,,,,3.36,,,,,,,,,,,,,,,,,
019537584,5,Pantene Pro-v Conditioner 12/6.7oz.,220230002,,,0.0,CASE,12,0.84,CASE,12/6.7oz.,DRY,0,,,,,,,,,,,,,,,1,2.0,20040719.0,,,,,,,,,1.68,,,,,,,,,,,,,,,,,
019537584,6,Sorted Miscellaneous Product,SMP,,,0.0,LB,205,0.14,CASE,Blue Receipt Sorted Misc. Prod,DRY,0,,,,,,,,,,,,,,,1,205.0,20040719.0,,,,,,,,,28.7,,,,,,,,,,,,,,,,,
01951350 06142004,2,USDA Cereal Rice Krispies 14/13.5oz,151010001,,,0.0,CASE,17,0,CASE,14/13.5oz,DRY,0,,,,,,,,,,,,,,,1,1.0,20040719.0,,,,,,,,,0,,,,,,,,,,,,,,,,,
01951350 06142004,3,USDA Vegatable Soup 24/1Lb.,161010001,,,0.0,CASE,38,0,CASE,24/1Lb.,DRY,0,,,,,,,,,,,,,,,1,2.0,20040719.0,,,,,,,,,0,,,,,,,,,,,,,,,,,
01951350 06142004,4,USDA Stew Beef Canned 24/24oz.,161010002,,,0.0,CASE,41,0,CASE,24/24 oz cans,DRY,0,,,,,,,,,,,,,,,1,1.0,20040719.0,,,,,,,,,0,,,,,,,,,,,,,,,,,
01951350 06142004,5,USDA Vegetable Soup 24/10.75oz.,161010004,,,0.0,CASE,20,0,CASE,24/10.75oz.,DRY,0,,,,,,,,,,,,,,,1,1.0,20040719.0,,,,,,,,,0,,,,,,,,,,,,,,,,,
01951350 06142004,6,USDA Milk Dry 12/25.06oz.,171010001,,,0.0,CASE,176,0,CASE,12/25.6oz.,DRY,0,,,,,,,,,,,,,,,1,8.0,20040719.0,,,,,,,,,0,,,,,,,,,,,,,,,,,
01951350 06142004,7,USDA Pudding Vanilla12/4/3.5oz.,182010002,,,0.0,CASE,52,0,CASE,12/4/3.5 oz,DRY,0,,,,,,,,,,,,,,,1,4.0,20040719.0,,,,,,,,,0,,,,,,,,,,,,,,,,,
01951350 06142004,8,USDA Apple Sauce 24/#300,201010001,,,0.0,CASE,52,0,CASE,24/#300,DRY,0,,,,,,,,,,,,,,,1,2.0,20040719.0,,,,,,,,,0,,,,,,,,,,,,,,,,,
01951350 06142004,9,USDA Pears canned 24/#300,201010003,,,0.0,CASE,26,0,CASE,24/#300,DRY,0,,,,,,,,,,,,,,,1,1.0,20040719.0,,,,,,,,,0,,,,,,,,,,,,,,,,,
01951350 06142004,10,USDA Mixed Fruit 24/#300 cans,201010009,,,0.0,CASE,54,0,CASE,24/#300 cans,DRY,0,,,,,,,,,,,,,,,1,2.0,20040719.0,,,,,,,,,0,,,,,,,,,,,,,,,,,
01951350 06142004,11,"USDA Peaches, Canned 24/#300",201010010,,,0.0,CASE,104,0,CASE,24/#300 cans,DRY,0,,,,,,,,,,,,,,,1,4.0,20040719.0,,,,,,,,,0,,,,,,,,,,,,,,,,,
01951350 06142004,12,USDA Raisin 24/15oz.,201010015,,,0.0,CASE,50,0,CASE,24/15oz.,DRY,0,,,,,,,,,,,,,,,1,2.0,20040719.0,,,,,,,,,0,,,,,,,,,,,,,,,,,
01951350 06142004,13,USDA Grits 8/5 Lbs. bags,211010002,,,0.0,CASE,82,0,CASE,8/5Lbs bag,DRY,0,,,,,,,,,,,,,,,1,2.0,20040719.0,,,,,,,,,0,,,,,,,,,,,,,,,,,
01951350 06142004,14,USDA Rolled Oats    12/3Lbs.,211010003,,,0.0,CASE,37,0,CASE,12/3Lbs.,DRY,0,,,,,,,,,,,,,,,1,1.0,20040719.0,,,,,,,,,0,,,,,,,,,,,,,,,,,
0024AI034317,10,USDA CHOCOLATE PUDDING,1500141174,,,0.0,CS,12,1.68,,12/ 14 OZ CTN,,0,,,,,,,,,,,,,,,1,1.0,20040706.0,,,,,,,,,1.68,,,,,,,,,,,,,,,,,
0024AI034317,11,USDA VANILLA PUDDING,1500141175,,,0.0,CS,12,1.68,,12/ 14 OZ CTN,,0,,,,,,,,,,,,,,,1,1.0,20040706.0,,,,,,,,,1.68,,,,,,,,,,,,,,,,,
0024AI034317,12,RANCH DRESSING,2100064967,,,0.0,CS,28,1.96,,100/2 OZ PKS,,0,,,,,,,,,,,,,,,1,2.0,20040706.0,,,,,,,,,3.92,,,,,,,,,,,,,,,,,
ID_248,25,Peas N Carrots,W27011,,,18.0,CASE,486,17.11,,24/15 oz,DRY,17.11,,,,,,,,,,,,,,,1,18.0,20040730.0,,,,,,,,,307.98,,,,,,,,,,,,,,,,,
ID_248,26,"Peas, Black eye",W27007,,,5.0,CASE,125,15.04,,24/1 lb bags,DRY,15.04,,,,,,,,,,,,,,,1,5.0,20040730.0,,,,,,,,,75.2,,,,,,,,,,,,,,,,,
ID_248,27,"Peas, Pigeon",W27008,,,10.0,CASE,250,14.94,,24/1 lb pkg,DRY,14.94,,,,,,,,,,,,,,,1,10.0,20040730.0,,,,,,,,,149.4,,,,,,,,,,,,,,,,,
ID_248,28,"Peas, Sweet",W27016,,,10.0,CASE,270,8.96,,24/15 oz,DRY,8.96,,,,,,,,,,,,,,,1,10.0,20040730.0,,,,,,,,,89.6,,,,,,,,,,,,,,,,,
ID_248,29,"Peas, Veg. Black Eye",W27010,,,5.0,CASE,135,9.07,,24/15 oz,DRY,9.07,,,,,,,,,,,,,,,1,5.0,20040730.0,,,,,,,,,45.35,,,,,,,,,,,,,,,,,
ID_248,30,"Peas, Whole Green",W27002,,,12.0,CASE,300,8.8,,24/1 lb pkg,DRY,8.8,,,,,,,,,,,,,,,1,12.0,20040730.0,,,,,,,,,105.6,,,,,,,,,,,,,,,,,
ID_248,31,Pineapple,W10007,,,15.0,CASE,405,12.28,,12/29oz,DRY,12.28,,,,,,,,,,,,,,,1,15.0,20040730.0,,,,,,,,,184.2,,,,,,,,,,,,,,,,,
ID_248,32,Pineapple Juice,W14002,,,15.0,CASE,660,13.79,,12/46oz,DRY,13.79,,,,,,,,,,,,,,,1,15.0,20040730.0,,,,,,,,,206.85,,,,,,,,,,,,,,,,,
ID_248,33,"Potatoes, Mashed",W27022,,,8.0,CASE,104,11.15,,12/13.3 oz,DRY,11.15,,,,,,,,,,,,,,,1,8.0,20040730.0,,,,,,,,,89.2,,,,,,,,,,,,,,,,,
ID_248,34,"Rice, Brown",W24004,,,6.0,CASE,150,7.73,,12/2 lb Bags,DRY,7.73,,,,,,,,,,,,,,,1,6.0,20040730.0,,,,,,,,,46.38,,,,,,,,,,,,,,,,,
ID_248,35,"Rice, Long Grain",W24001,,,20.0,CASE,1200,18.4,,30/2 lb bags,DRY,18.4,,,,,,,,,,,,,,,1,20.0,20040730.0,,,,,,,,,368,,,,,,,,,,,,,,,,,
ID_248,36,Shelf Stable Milk (whole),W07003,,,25.0,CASE,675,15.97,,12/32oz,DRY,15.97,,,,,,,,,,,,,,,1,25.0,20040730.0,,,,,,,,,399.25,,,,,,,,,,,,,,,,,
ID_248,37,Shelf Stable Milk 1%,W07006,,,30.0,CASE,810,17.02,,12/32oz,DRY,17.02,,,,,,,,,,,,,,,1,30.0,20040730.0,,,,,,,,,510.6,,,,,,,,,,,,,,,,,
ID_248,38,Shelf Stable Milk 2%,W07009,,,30.0,CASE,810,15.97,,12/32oz,DRY,15.97,,,,,,,,,,,,,,,1,30.0,20040730.0,,,,,,,,,479.1,,,,,,,,,,,,,,,,,
ID_248,39,Tropical Fruit Cocktail,W10002,,,18.0,CASE,486,14.71,,24/15 oz.,DRY,14.71,,,,,,,,,,,,,,,1,18.0,20040730.0,,,,,,,,,264.78,,,,,,,,,,,,,,,,,
003001-22110,5,Purch Spaghetti Sauce 24/15oz(D),65809,,,0.0,CS,108,9.71,CASE,,DRY,0,,,,,,,,,,,,,,,1,4.0,20040720.0,,,,,,,,,38.84,,,,,,,,,,,,,,,,,
003001-22110,6,USDA Non Fat Dry Milk 12/25.6oz (D),60126,,,0.0,CS,110,1.54,CASE,,DRY,0,,,,,,,,,,,,,,,1,5.0,20040720.0,,,,,,,,,7.7,,,,,,,,,,,,,,,,,
003001-22110,7,USDA Pudding 12/14oz,60112,,,0.0,CS,60,1.68,CASE,,DRY,0,,,,,,,,,,,,,,,1,5.0,20040720.0,,,,,,,,,8.4,,,,,,,,,,,,,,,,,
003001-22110,8,USDA  Orange Juice 12/46oz Can (D),60052,,,0.0,CS,230,6.44,CASE,,,0,,,,,,,,,,,,,,,1,5.0,20040720.0,,,,,,,,,32.2,,,,,,,,,,,,,,,,,
003001-22110,9,Sausage Rolls (baked) 6/2lb(Z),12372,,,0.0,CS,72,2.16,CASE,,FROZEN,0,,,,,,,,,,,,,,,1,6.0,20040720.0,,,,,,,,,12.96,,,,,,,,,,,,,,,,,
003001-22110,10,USDA Potato Flakes 12/16oz D,60057,,,0.0,CS,75,2.1,CASE,,,0,,,,,,,,,,,,,,,1,5.0,20040720.0,,,,,,,,,10.5,,,,,,,,,,,,,,,,,
003001-22110,11,Purchase Beef Stew 12/24oz(D),65819,,,0.0,CS,126,12,CASE,,DRY,0,,,,,,,,,,,,,,,1,6.0,20040720.0,,,,,,,,,72,,,,,,,,,,,,,,,,,
003001-22110,12,USDA  Macaroni 24/1lbs (D),60115,,,0.0,CS,130,3.64,CASE,,DRY,0,,,,,,,,,,,,,,,1,5.0,20040720.0,,,,,,,,,18.2,,,,,,,,,,,,,,,,,
