DONATIONNUMBER,ITEMNUMBER,ITEMDESCRIPTION,DONATIONREASON,PACK,SIZE_,SIZEUOM,PACKAGINGTYPE,UNITOFMEASURE,QUANTITY,QUANTITYPERPALLET,TOTALPALLETS,GROSSWEIGHT,TOTALGROSSWEIGHT,NETWEIGHT,CUBE,STORAGEREQUIREMENT,MANUFACTUREDATE,EXPIRATIONDATE,SHELFLIFE,EXTENSION,USEBYDATE,BILLOFLADINGNUMBER,STATUS,CODEDATETYPE,MAGREFNUMBER
WD18020051,Chk63F321,BNLS BRST LRG SKNLS,Discontinued Item,/ Bag,,Bag,,Case,10.0,50.0,0.2,20.0,200.0,,,FROZEN,10/20/2017,,,,10/20/2017,,,,172000
WD18020051,Chk63F543,BNIN BRST LRG SKNON,Discontinued Item,/ Bag,,Bag,,Case,10.0,50.0,0.2,25.0,250.0,,,FROZEN,10/20/2018,,,,10/20/2018,,,,173000
WD18020051,Chk636T3,SML WING CSE,Discontinued Item,/ Bag,,Bag,,Carton,10.0,50.0,0.2,30.0,300.0,,,FROZEN,10/20/2018,,,,10/20/2018,,,,174000
WD18020051,Chk63F321,BNLS BRST LRG SKNLS,Discontinued Item,/ Bag,,Bag,,Case,10.0,50.0,0.2,20.0,200.0,,,FROZEN,10/20/2017,,,,10/20/2017,,,,175000
WD18020051,Chk63F543,BNIN BRST LRG SKNON,Discontinued Item,/ Bag,,Bag,,Case,10.0,50.0,0.2,25.0,250.0,,,FROZEN,10/20/2018,,,,10/20/2018,,,,176000
WD18020051,Chk636T3,SML WING CSE,Discontinued Item,/ Bag,,Bag,,Carton,10.0,50.0,0.2,30.0,300.0,,,FROZEN,10/20/2018,,,,10/20/2018,,,,177000
WD18020051,Chk63F321,BNLS BRST LRG SKNLS,Discontinued Item,/ Bag,,Bag,,Case,10.0,50.0,0.2,20.0,200.0,,,FROZEN,10/20/2017,,,,10/20/2017,,,,178000
WD18020051,Chk63F543,BNIN BRST LRG SKNON,Discontinued Item,/ Bag,,Bag,,Case,10.0,50.0,0.2,25.0,250.0,,,FROZEN,10/20/2018,,,,10/20/2018,,,,179000
WD18020051,Chk636T3,SML WING CSE,Discontinued Item,/ Bag,,Bag,,Carton,10.0,50.0,0.2,30.0,300.0,,,FROZEN,10/20/2018,,,,10/20/2018,,,,180000
WD18020051,Chk63F321,BNLS BRST LRG SKNLS,Discontinued Item,/ Bag,,Bag,,Case,10.0,50.0,0.2,20.0,200.0,,,FROZEN,10/20/2017,,,,10/20/2017,,,,181000
WD18020051,Chk63F543,BNIN BRST LRG SKNON,Discontinued Item,/ Bag,,Bag,,Case,10.0,50.0,0.2,25.0,250.0,,,FROZEN,10/20/2018,,,,10/20/2018,,,,182000
WD18020051,Chk636T345,LRG WNG Bulk,Discontinued Item,/ Bag,,Bag,,Case,1.0,1.0,1.0,500.0,500.0,,,FROZEN,10/20/2018,,,,10/20/2018,,,,183000
WD18020051,Chk636T3,SML WING CSE,Discontinued Item,/ Bag,,Bag,,Carton,10.0,50.0,0.2,30.0,300.0,,,FROZEN,10/20/2018,,,,10/20/2018,,,,184000
WD18020051,Chk63F321,BNLS BRST LRG SKNLS,Discontinued Item,/ Bag,,Bag,,Case,10.0,50.0,0.2,20.0,200.0,,,FROZEN,10/20/2017,,,,10/20/2017,,,,185000
WD18020051,Chk63F543,BNIN BRST LRG SKNON,Discontinued Item,/ Bag,,Bag,,Case,10.0,50.0,0.2,25.0,250.0,,,FROZEN,10/20/2018,,,,10/20/2018,,,,186000
WD18020051,Chk636T3,SML WING CSE,Discontinued Item,/ Bag,,Bag,,Carton,10.0,50.0,0.2,30.0,300.0,,,FROZEN,10/20/2018,,,,10/20/2018,,,,187000
WD18020051,Chk63F321,BNLS BRST LRG SKNLS,Discontinued Item,/ Bag,,Bag,,Case,10.0,50.0,0.2,20.0,200.0,,,FROZEN,10/20/2017,,,,10/20/2017,,,,188000
WD18020051,Chk63F543,BNIN BRST LRG SKNON,Discontinued Item,/ Bag,,Bag,,Case,10.0,50.0,0.2,25.0,250.0,,,FROZEN,10/20/2018,,,,10/20/2018,,,,189000
WD18020051,Chk636T3,SML WING CSE,Discontinued Item,/ Bag,,Bag,,Carton,10.0,50.0,0.2,30.0,300.0,,,FROZEN,10/20/2018,,,,10/20/2018,,,,190000
WD18020051,Chk63F321,BNLS BRST LRG SKNLS,Discontinued Item,/ Bag,,Bag,,Case,10.0,50.0,0.2,20.0,200.0,,,FROZEN,10/20/2017,,,,10/20/2017,,,,191000
WD18020051,Chk63F543,BNIN BRST LRG SKNON,Discontinued Item,/ Bag,,Bag,,Case,10.0,50.0,0.2,25.0,250.0,,,FROZEN,10/20/2018,,,,10/20/2018,,,,192000
WD18020051,Chk636T3,SML WING CSE,Discontinued Item,/ Bag,,Bag,,Carton,10.0,50.0,0.2,30.0,300.0,,,FROZEN,10/20/2018,,,,10/20/2018,,,,193000
WD18020051,Chk63F321,BNLS BRST LRG SKNLS,Discontinued Item,/ Bag,,Bag,,Case,10.0,50.0,0.2,20.0,200.0,,,FROZEN,10/20/2017,,,,10/20/2017,,,,194000
WD18020051,Chk63F543,BNIN BRST LRG SKNON,Discontinued Item,/ Bag,,Bag,,Case,10.0,50.0,0.2,25.0,250.0,,,FROZEN,10/20/2018,,,,10/20/2018,,,,195000
WD18020051,Chk636T345,LRG WNG Bulk,Discontinued Item,/ Bag,,Bag,,Case,1.0,1.0,1.0,500.0,500.0,,,FROZEN,10/20/2018,,,,10/20/2018,,,,196000
WD18020051,Chk636T3,SML WING CSE,Discontinued Item,/ Bag,,Bag,,Carton,10.0,50.0,0.2,30.0,300.0,,,FROZEN,10/20/2018,,,,10/20/2018,,,,197000
WD18020051,Chk63F321,BNLS BRST LRG SKNLS,Discontinued Item,/ Bag,,Bag,,Case,10.0,50.0,0.2,20.0,200.0,,,FROZEN,10/20/2017,,,,10/20/2017,,,,198000
WD18020051,Chk63F543,BNIN BRST LRG SKNON,Discontinued Item,/ Bag,,Bag,,Case,10.0,50.0,0.2,25.0,250.0,,,FROZEN,10/20/2018,,,,10/20/2018,,,,199000
WD18020051,Chk636T3,SML WING CSE,Discontinued Item,/ Bag,,Bag,,Carton,10.0,50.0,0.2,30.0,300.0,,,FROZEN,10/20/2018,,,,10/20/2018,,,,200000
WD18020051,Chk63F321,BNLS BRST LRG SKNLS,Discontinued Item,/ Bag,,Bag,,Case,10.0,50.0,0.2,20.0,200.0,,,FROZEN,10/20/2017,,,,10/20/2017,,,,201000
WD18020051,Chk63F543,BNIN BRST LRG SKNON,Discontinued Item,/ Bag,,Bag,,Case,10.0,50.0,0.2,25.0,250.0,,,FROZEN,10/20/2018,,,,10/20/2018,,,,202000
WD18020051,Chk636T3,SML WING CSE,Discontinued Item,/ Bag,,Bag,,Carton,10.0,50.0,0.2,30.0,300.0,,,FROZEN,10/20/2018,,,,10/20/2018,,,,203000
WD18020051,Chk63F321,BNLS BRST LRG SKNLS,Discontinued Item,/ Bag,,Bag,,Case,10.0,50.0,0.2,20.0,200.0,,,FROZEN,10/20/2017,,,,10/20/2017,,,,204000
WD18020051,Chk63F543,BNIN BRST LRG SKNON,Discontinued Item,/ Bag,,Bag,,Case,10.0,50.0,0.2,25.0,250.0,,,FROZEN,10/20/2018,,,,10/20/2018,,,,205000
WD18020051,Chk636T3,SML WING CSE,Discontinued Item,/ Bag,,Bag,,Carton,10.0,50.0,0.2,30.0,300.0,,,FROZEN,10/20/2018,,,,10/20/2018,,,,206000
WD18020051,Chk63F321,BNLS BRST LRG SKNLS,Discontinued Item,/ Bag,,Bag,,Case,10.0,50.0,0.2,20.0,200.0,,,FROZEN,10/20/2017,,,,10/20/2017,,,,207000
WD18020051,Chk63F543,BNIN BRST LRG SKNON,Discontinued Item,/ Bag,,Bag,,Case,10.0,50.0,0.2,25.0,250.0,,,FROZEN,10/20/2018,,,,10/20/2018,,,,208000
WD18020051,Chk636T345,LRG WNG Bulk,Discontinued Item,/ Bag,,Bag,,Case,1.0,1.0,1.0,500.0,500.0,,,FROZEN,10/20/2018,,,,10/20/2018,,,,209000
WD18020051,Chk636T3,SML WING CSE,Discontinued Item,/ Bag,,Bag,,Carton,10.0,50.0,0.2,30.0,300.0,,,FROZEN,10/20/2018,,,,10/20/2018,,,,210000
WD18020051,Chk63F321,BNLS BRST LRG SKNLS,Discontinued Item,/ Bag,,Bag,,Case,10.0,50.0,0.2,20.0,200.0,,,FROZEN,10/20/2017,,,,10/20/2017,,,,211000
WD18020051,Chk63F543,BNIN BRST LRG SKNON,Discontinued Item,/ Bag,,Bag,,Case,10.0,50.0,0.2,25.0,250.0,,,FROZEN,10/20/2018,,,,10/20/2018,,,,212000
WD18020051,Chk636T3,SML WING CSE,Discontinued Item,/ Bag,,Bag,,Carton,10.0,50.0,0.2,30.0,300.0,,,FROZEN,10/20/2018,,,,10/20/2018,,,,213000
WD18020051,Chk63F321,BNLS BRST LRG SKNLS,Discontinued Item,/ Bag,,Bag,,Case,10.0,50.0,0.2,20.0,200.0,,,FROZEN,10/20/2017,,,,10/20/2017,,,,214000
WD18020051,Chk63F543,BNIN BRST LRG SKNON,Discontinued Item,/ Bag,,Bag,,Case,10.0,50.0,0.2,25.0,250.0,,,FROZEN,10/20/2018,,,,10/20/2018,,,,215000
WD18020051,Chk636T3,SML WING CSE,Discontinued Item,/ Bag,,Bag,,Carton,10.0,50.0,0.2,30.0,300.0,,,FROZEN,10/20/2018,,,,10/20/2018,,,,216000
WD18020051,Chk63F321,BNLS BRST LRG SKNLS,Discontinued Item,/ Bag,,Bag,,Case,10.0,50.0,0.2,20.0,200.0,,,FROZEN,10/20/2017,,,,10/20/2017,,,,217000
WD18020051,Chk63F543,BNIN BRST LRG SKNON,Discontinued Item,/ Bag,,Bag,,Case,10.0,50.0,0.2,25.0,250.0,,,FROZEN,10/20/2018,,,,10/20/2018,,,,218000
WD18020051,Chk636T3,SML WING CSE,Discontinued Item,/ Bag,,Bag,,Carton,10.0,50.0,0.2,30.0,300.0,,,FROZEN,10/20/2018,,,,10/20/2018,,,,219000
WD18020051,Chk63F321,BNLS BRST LRG SKNLS,Discontinued Item,/ Bag,,Bag,,Case,10.0,50.0,0.2,20.0,200.0,,,FROZEN,10/20/2017,,,,10/20/2017,,,,220000
WD18020051,Chk63F543,BNIN BRST LRG SKNON,Discontinued Item,/ Bag,,Bag,,Case,10.0,50.0,0.2,25.0,250.0,,,FROZEN,10/20/2018,,,,10/20/2018,,,,221000
WD18020051,Chk636T345,LRG WNG Bulk,Discontinued Item,/ Bag,,Bag,,Case,1.0,1.0,1.0,500.0,500.0,,,FROZEN,10/20/2018,,,,10/20/2018,,,,222000
WD18020051,Chk636T3,SML WING CSE,Discontinued Item,/ Bag,,Bag,,Carton,10.0,50.0,0.2,30.0,300.0,,,FROZEN,10/20/2018,,,,10/20/2018,,,,223000
WD18020051,Chk63F321,BNLS BRST LRG SKNLS,Discontinued Item,/ Bag,,Bag,,Case,10.0,50.0,0.2,20.0,200.0,,,FROZEN,10/20/2017,,,,10/20/2017,,,,224000
WD18020051,Chk63F543,BNIN BRST LRG SKNON,Discontinued Item,/ Bag,,Bag,,Case,10.0,50.0,0.2,25.0,250.0,,,FROZEN,10/20/2018,,,,10/20/2018,,,,225000
WD18020051,Chk636T3,SML WING CSE,Discontinued Item,/ Bag,,Bag,,Carton,10.0,50.0,0.2,30.0,300.0,,,FROZEN,10/20/2018,,,,10/20/2018,,,,226000
WD18020051,Chk63F321,BNLS BRST LRG SKNLS,Discontinued Item,/ Bag,,Bag,,Case,10.0,50.0,0.2,20.0,200.0,,,FROZEN,10/20/2017,,,,10/20/2017,,,,227000
WD18020051,Chk63F543,BNIN BRST LRG SKNON,Discontinued Item,/ Bag,,Bag,,Case,10.0,50.0,0.2,25.0,250.0,,,FROZEN,10/20/2018,,,,10/20/2018,,,,228000
WD18020051,Chk636T3,SML WING CSE,Discontinued Item,/ Bag,,Bag,,Carton,10.0,50.0,0.2,30.0,300.0,,,FROZEN,10/20/2018,,,,10/20/2018,,,,229000
WD18020051,Chk63F321,BNLS BRST LRG SKNLS,Discontinued Item,/ Bag,,Bag,,Case,10.0,50.0,0.2,20.0,200.0,,,FROZEN,10/20/2017,,,,10/20/2017,,,,230000
WD18020051,Chk63F543,BNIN BRST LRG SKNON,Discontinued Item,/ Bag,,Bag,,Case,10.0,50.0,0.2,25.0,250.0,,,FROZEN,10/20/2018,,,,10/20/2018,,,,231000
WD18020051,Chk636T3,SML WING CSE,Discontinued Item,/ Bag,,Bag,,Carton,10.0,50.0,0.2,30.0,300.0,,,FROZEN,10/20/2018,,,,10/20/2018,,,,232000
WD18020051,Chk63F321,BNLS BRST LRG SKNLS,Discontinued Item,/ Bag,,Bag,,Case,10.0,50.0,0.2,20.0,200.0,,,FROZEN,10/20/2017,,,,10/20/2017,,,,233000
WD18020051,Chk63F543,BNIN BRST LRG SKNON,Discontinued Item,/ Bag,,Bag,,Case,10.0,50.0,0.2,25.0,250.0,,,FROZEN,10/20/2018,,,,10/20/2018,,,,234000
WD18020051,Chk636T345,LRG WNG Bulk,Discontinued Item,/ Bag,,Bag,,Case,1.0,1.0,1.0,500.0,500.0,,,FROZEN,10/20/2018,,,,10/20/2018,,,,235000
WD18020051,Chk636T3,SML WING CSE,Discontinued Item,/ Bag,,Bag,,Carton,10.0,50.0,0.2,30.0,300.0,,,FROZEN,10/20/2018,,,,10/20/2018,,,,236000
WD18020051,Chk63F321,BNLS BRST LRG SKNLS,Discontinued Item,/ Bag,,Bag,,Case,10.0,50.0,0.2,20.0,200.0,,,FROZEN,10/20/2017,,,,10/20/2017,,,,237000
WD18020051,Chk63F543,BNIN BRST LRG SKNON,Discontinued Item,/ Bag,,Bag,,Case,10.0,50.0,0.2,25.0,250.0,,,FROZEN,10/20/2018,,,,10/20/2018,,,,238000
WD18020051,Chk636T3,SML WING CSE,Discontinued Item,/ Bag,,Bag,,Carton,10.0,50.0,0.2,30.0,300.0,,,FROZEN,10/20/2018,,,,10/20/2018,,,,239000
WD18020051,Chk63F321,BNLS BRST LRG SKNLS,Discontinued Item,/ Bag,,Bag,,Case,10.0,50.0,0.2,20.0,200.0,,,FROZEN,10/20/2017,,,,10/20/2017,,,,240000
WD18020051,Chk63F543,BNIN BRST LRG SKNON,Discontinued Item,/ Bag,,Bag,,Case,10.0,50.0,0.2,25.0,250.0,,,FROZEN,10/20/2018,,,,10/20/2018,,,,241000
WD18020051,Chk636T3,SML WING CSE,Discontinued Item,/ Bag,,Bag,,Carton,10.0,50.0,0.2,30.0,300.0,,,FROZEN,10/20/2018,,,,10/20/2018,,,,242000
WD18020051,Chk63F321,BNLS BRST LRG SKNLS,Discontinued Item,/ Bag,,Bag,,Case,10.0,50.0,0.2,20.0,200.0,,,FROZEN,10/20/2017,,,,10/20/2017,,,,243000
WD18020051,Chk63F543,BNIN BRST LRG SKNON,Discontinued Item,/ Bag,,Bag,,Case,10.0,50.0,0.2,25.0,250.0,,,FROZEN,10/20/2018,,,,10/20/2018,,,,244000
WD18020051,Chk636T3,SML WING CSE,Discontinued Item,/ Bag,,Bag,,Carton,10.0,50.0,0.2,30.0,300.0,,,FROZEN,10/20/2018,,,,10/20/2018,,,,245000
WD18020051,Chk63F321,BNLS BRST LRG SKNLS,Discontinued Item,/ Bag,,Bag,,Case,10.0,50.0,0.2,20.0,200.0,,,FROZEN,10/20/2017,,,,10/20/2017,,,,246000
WD18020051,Chk63F543,BNIN BRST LRG SKNON,Discontinued Item,/ Bag,,Bag,,Case,10.0,50.0,0.2,25.0,250.0,,,FROZEN,10/20/2018,,,,10/20/2018,,,,247000
WD18020051,Chk636T345,LRG WNG Bulk,Discontinued Item,/ Bag,,Bag,,Case,1.0,1.0,1.0,500.0,500.0,,,FROZEN,10/20/2018,,,,10/20/2018,,,,248000
WD18020051,Chk636T3,SML WING CSE,Discontinued Item,/ Bag,,Bag,,Carton,10.0,50.0,0.2,30.0,300.0,,,FROZEN,10/20/2018,,,,10/20/2018,,,,249000
WD18020051,Chk63F321,BNLS BRST LRG SKNLS,Discontinued Item,/ Bag,,Bag,,Case,10.0,50.0,0.2,20.0,200.0,,,FROZEN,10/20/2017,,,,10/20/2017,,,,250000
WD18020051,Chk63F543,BNIN BRST LRG SKNON,Discontinued Item,/ Bag,,Bag,,Case,10.0,50.0,0.2,25.0,250.0,,,FROZEN,10/20/2018,,,,10/20/2018,,,,251000
WD18020051,Chk636T3,SML WING CSE,Discontinued Item,/ Bag,,Bag,,Carton,10.0,50.0,0.2,30.0,300.0,,,FROZEN,10/20/2018,,,,10/20/2018,,,,252000
WD18020051,Chk63F321,BNLS BRST LRG SKNLS,Discontinued Item,/ Bag,,Bag,,Case,10.0,50.0,0.2,20.0,200.0,,,FROZEN,10/20/2017,,,,10/20/2017,,,,253000
WD18020051,Chk63F543,BNIN BRST LRG SKNON,Discontinued Item,/ Bag,,Bag,,Case,10.0,50.0,0.2,25.0,250.0,,,FROZEN,10/20/2018,,,,10/20/2018,,,,254000
WD18020051,Chk636T3,SML WING CSE,Discontinued Item,/ Bag,,Bag,,Carton,10.0,50.0,0.2,30.0,300.0,,,FROZEN,10/20/2018,,,,10/20/2018,,,,255000
WD18020051,Chk63F321,BNLS BRST LRG SKNLS,Discontinued Item,/ Bag,,Bag,,Case,10.0,50.0,0.2,20.0,200.0,,,FROZEN,10/20/2017,,,,10/20/2017,,,,256000
WD18020051,Chk63F543,BNIN BRST LRG SKNON,Discontinued Item,/ Bag,,Bag,,Case,10.0,50.0,0.2,25.0,250.0,,,FROZEN,10/20/2018,,,,10/20/2018,,,,257000
WD18020051,Chk636T3,SML WING CSE,Discontinued Item,/ Bag,,Bag,,Carton,10.0,50.0,0.2,30.0,300.0,,,FROZEN,10/20/2018,,,,10/20/2018,,,,258000
WD18020051,Chk63F321,BNLS BRST LRG SKNLS,Discontinued Item,/ Bag,,Bag,,Case,10.0,50.0,0.2,20.0,200.0,,,FROZEN,10/20/2017,,,,10/20/2017,,,,259000
WD18020051,Chk63F543,BNIN BRST LRG SKNON,Discontinued Item,/ Bag,,Bag,,Case,10.0,50.0,0.2,25.0,250.0,,,FROZEN,10/20/2018,,,,10/20/2018,,,,260000
WD18030005,F0928250141601,BRK 2L/6 P/app 64,CLOSE CODE,6/ Ounce,,Ounce,,Case,21.0,64.0,1.0,30.14095238,632.95999998,,,DRY,,,,60,3/29/2018,,Acknowledged,,8000
WD18030005,F0811317809501,SAC 1L/12ls ClrDt Mand Orng 70 POM,CLOSE CODE,12/,,,,Case,70.0,70.0,1.0,29.2,2044.0,,,DRY,,,,60,4/5/2018,,Acknowledged,,9000
WD18030005,F0811317809501,SAC 1L/12ls ClrDt Mand Orng 70 POM,CLOSE CODE,12/,,,,Case,70.0,70.0,1.0,29.2,2044.0,,,DRY,,,,60,4/5/2018,,Acknowledged,,1000
WD18030005,F0615000173601,SRA 2L/6 Spk L/ade Key Lime RS        64,CLOSE CODE,6/ Ounce,,Ounce,,Case,344.0,64.0,4.0,29.75,10234.0,,,DRY,,,,60,3/6/2018,,Acknowledged,,2000
WD18030005,F0928251007103,BRK 2L/6 Cola 64,CLOSE CODE,6/ Ounce,,Ounce,,Case,64.0,64.0,1.0,30.1409375,1929.02,,,DRY,,,,60,3/26/2018,,Acknowledged,,3000
WD18030005,F0928250141601,BRK 2L/6 P/app 64,CLOSE CODE,6/ Ounce,,Ounce,,Case,21.0,64.0,0.3,30.14095238,632.95999998,,,DRY,,,,60,3/29/2018,,Acknowledged,,4000
WD18030005,F0811317809501,SAC 1L/12ls ClrDt Mand Orng 70 POM,CLOSE CODE,12/,,,,Case,70.0,70.0,1.0,29.2,2044.0,,,DRY,,,,60,4/5/2018,,Acknowledged,,5000
WD18030005,F0615000173601,SRA 2L/6 Spk L/ade Key Lime RS        64,CLOSE CODE,6/ Ounce,,Ounce,,Case,344.0,64.0,5.4,29.75,10234.0,,,DRY,,,,60,3/6/2018,,Acknowledged,,6000
WD18030005,F0928251007103,BRK 2L/6 Cola 64,CLOSE CODE,6/ Ounce,,Ounce,,Case,64.0,64.0,1.0,30.1409375,1929.02,,,DRY,,,,60,3/26/2018,,Acknowledged,,7000
WD18030005,F0615000173601,SRA 2L/6 Spk L/ade Key Lime RS        64,CLOSE CODE,6/ Ounce,,Ounce,,Case,344.0,64.0,2.0,29.75,10234.0,,,DRY,,,,60,3/6/2018,,Acknowledged,,10000
WD18030005,F0928251007103,BRK 2L/6 Cola 64,CLOSE CODE,6/ Ounce,,Ounce,,Case,64.0,64.0,1.0,30.1409375,1929.02,,,DRY,,,,60,3/26/2018,,Acknowledged,,11000
WD18030005,F0928250141601,BRK 2L/6 P/app 64,CLOSE CODE,6/ Ounce,,Ounce,,Case,21.0,64.0,6.0,30.14095238,632.95999998,,,DRY,,,,60,3/29/2018,,Acknowledged,,12000
WD18030005,F0811317809501,SAC 1L/12ls ClrDt Mand Orng 70 POM,CLOSE CODE,12/,,,,Case,70.0,70.0,1.0,29.2,2044.0,,,DRY,,,,60,4/5/2018,,Acknowledged,,13000
WD18030005,F0615000173601,SRA 2L/6 Spk L/ade Key Lime RS        64,CLOSE CODE,6/ Ounce,,Ounce,,Case,344.0,64.0,6.0,29.75,10234.0,,,DRY,,,,60,3/6/2018,,Acknowledged,,14000
WD18030005,F0928251007103,BRK 2L/6 Cola 64,CLOSE CODE,6/ Ounce,,Ounce,,Case,64.0,64.0,1.0,30.1409375,1929.02,,,DRY,,,,60,3/26/2018,,Acknowledged,,15000
WD18030005,F0928250141601,BRK 2L/6 P/app 64,CLOSE CODE,6/ Ounce,,Ounce,,Case,21.0,64.0,0.3,30.14095238,632.95999998,,,DRY,,,,60,3/29/2018,,Acknowledged,,16000
WD18030005,F0811317809501,SAC 1L/12ls ClrDt Mand Orng 70 POM,CLOSE CODE,12/,,,,Case,70.0,70.0,1.0,29.2,2044.0,,,DRY,,,,60,4/5/2018,,Acknowledged,,17000
WD18030005,F0615000173601,SRA 2L/6 Spk L/ade Key Lime RS        64,CLOSE CODE,6/ Ounce,,Ounce,,Case,344.0,64.0,5.4,29.75,10234.0,,,DRY,,,,60,3/6/2018,,Acknowledged,,18000
WD18030005,F0928251007103,BRK 2L/6 Cola 64,CLOSE CODE,6/ Ounce,,Ounce,,Case,64.0,64.0,1.0,30.1409375,1929.02,,,DRY,,,,60,3/26/2018,,Acknowledged,,19000
WD18030005,F0928250141601,BRK 2L/6 P/app 64,CLOSE CODE,6/ Ounce,,Ounce,,Case,21.0,64.0,5.0,30.14095238,632.95999998,,,DRY,,,,60,3/29/2018,,Acknowledged,,20000
WD18030005,F0811317809501,SAC 1L/12ls ClrDt Mand Orng 70 POM,CLOSE CODE,12/,,,,Case,70.0,70.0,1.0,29.2,2044.0,,,DRY,,,,60,4/5/2018,,Acknowledged,,21000
WD18030005,F0615000173601,SRA 2L/6 Spk L/ade Key Lime RS        64,CLOSE CODE,6/ Ounce,,Ounce,,Case,344.0,64.0,5.4,29.75,10234.0,,,DRY,,,,60,3/6/2018,,Acknowledged,,22000
WD18030005,F0928251007103,BRK 2L/6 Cola 64,CLOSE CODE,6/ Ounce,,Ounce,,Case,64.0,64.0,1.0,30.1409375,1929.02,,,DRY,,,,60,3/26/2018,,Acknowledged,,23000
WD18030005,F0928250141601,BRK 2L/6 P/app 64,CLOSE CODE,6/ Ounce,,Ounce,,Case,21.0,64.0,0.3,30.14095238,632.95999998,,,DRY,,,,60,3/29/2018,,Acknowledged,,24000
WD18030005,F0811317809501,SAC 1L/12ls ClrDt Mand Orng 70 POM,CLOSE CODE,12/,,,,Case,70.0,70.0,1.0,29.2,2044.0,,,DRY,,,,60,4/5/2018,,Acknowledged,,25000
WD18030005,F0615000173601,SRA 2L/6 Spk L/ade Key Lime RS        64,CLOSE CODE,6/ Ounce,,Ounce,,Case,344.0,64.0,4.0,29.75,10234.0,,,DRY,,,,60,3/6/2018,,Acknowledged,,26000
WD18030005,F0928251007103,BRK 2L/6 Cola 64,CLOSE CODE,6/ Ounce,,Ounce,,Case,64.0,64.0,1.0,30.1409375,1929.02,,,DRY,,,,60,3/26/2018,,Acknowledged,,27000
WD18030005,F0928250141601,BRK 2L/6 P/app 64,CLOSE CODE,6/ Ounce,,Ounce,,Case,21.0,64.0,0.3,30.14095238,632.95999998,,,DRY,,,,60,3/29/2018,,Acknowledged,,28000
WD18030005,F0811317809501,SAC 1L/12ls ClrDt Mand Orng 70 POM,CLOSE CODE,12/,,,,Case,70.0,70.0,1.0,29.2,2044.0,,,DRY,,,,60,4/5/2018,,Acknowledged,,29000
WD18030005,F0615000173601,SRA 2L/6 Spk L/ade Key Lime RS        64,CLOSE CODE,6/ Ounce,,Ounce,,Case,344.0,64.0,5.4,29.75,10234.0,,,DRY,,,,60,3/6/2018,,Acknowledged,,30000
WD18030005,F0928251007103,BRK 2L/6 Cola 64,CLOSE CODE,6/ Ounce,,Ounce,,Case,64.0,64.0,1.0,30.1409375,1929.02,,,DRY,,,,60,3/26/2018,,Acknowledged,,31000
WD18030005,F0928250141601,BRK 2L/6 P/app 64,CLOSE CODE,6/ Ounce,,Ounce,,Case,21.0,64.0,0.3,30.14095238,632.95999998,,,DRY,,,,60,3/29/2018,,Acknowledged,,32000
WD18030005,F0811317809501,SAC 1L/12ls ClrDt Mand Orng 70 POM,CLOSE CODE,12/,,,,Case,70.0,70.0,1.0,29.2,2044.0,,,DRY,,,,60,4/5/2018,,Acknowledged,,33000
WD18030005,F0615000173601,SRA 2L/6 Spk L/ade Key Lime RS        64,CLOSE CODE,6/ Ounce,,Ounce,,Case,344.0,64.0,8.0,29.75,10234.0,,,DRY,,,,60,3/6/2018,,Acknowledged,,34000
WD18030005,F0928251007103,BRK 2L/6 Cola 64,CLOSE CODE,6/ Ounce,,Ounce,,Case,64.0,64.0,1.0,30.1409375,1929.02,,,DRY,,,,60,3/26/2018,,Acknowledged,,35000
WD18030005,F0928250141601,BRK 2L/6 P/app 64,CLOSE CODE,6/ Ounce,,Ounce,,Case,21.0,64.0,0.3,30.14095238,632.95999998,,,DRY,,,,60,3/29/2018,,Acknowledged,,36000
WD18030005,F0811317809501,SAC 1L/12ls ClrDt Mand Orng 70 POM,CLOSE CODE,12/,,,,Case,70.0,70.0,1.0,29.2,2044.0,,,DRY,,,,60,4/5/2018,,Acknowledged,,37000
WD18030005,F0615000173601,SRA 2L/6 Spk L/ade Key Lime RS        64,CLOSE CODE,6/ Ounce,,Ounce,,Case,344.0,64.0,1.0,29.75,10234.0,,,DRY,,,,60,3/6/2018,,Acknowledged,,38000
WD18030005,F0928251007103,BRK 2L/6 Cola 64,CLOSE CODE,6/ Ounce,,Ounce,,Case,64.0,64.0,1.0,30.1409375,1929.02,,,DRY,,,,60,3/26/2018,,Acknowledged,,39000
WD18030005,F0928250141601,BRK 2L/6 P/app 64,CLOSE CODE,6/ Ounce,,Ounce,,Case,21.0,64.0,9.0,30.14095238,632.95999998,,,DRY,,,,60,3/29/2018,,Acknowledged,,40000
WD18030005,F0811317809501,SAC 1L/12ls ClrDt Mand Orng 70 POM,CLOSE CODE,12/,,,,Case,70.0,70.0,1.0,29.2,2044.0,,,DRY,,,,60,4/5/2018,,Acknowledged,,41000
WD18030005,F0615000173601,SRA 2L/6 Spk L/ade Key Lime RS        64,CLOSE CODE,6/ Ounce,,Ounce,,Case,344.0,64.0,5.4,29.75,10234.0,,,DRY,,,,60,3/6/2018,,Acknowledged,,42000
WD18030005,F0928251007103,BRK 2L/6 Cola 64,CLOSE CODE,6/ Ounce,,Ounce,,Case,64.0,64.0,1.0,30.1409375,1929.02,,,DRY,,,,60,3/26/2018,,Acknowledged,,43000
WD18030005,F0928250141601,BRK 2L/6 P/app 64,CLOSE CODE,6/ Ounce,,Ounce,,Case,21.0,64.0,0.3,30.14095238,632.95999998,,,DRY,,,,60,3/29/2018,,Acknowledged,,44000
WD18030005,F0811317809501,SAC 1L/12ls ClrDt Mand Orng 70 POM,CLOSE CODE,12/,,,,Case,70.0,70.0,1.0,29.2,2044.0,,,DRY,,,,60,4/5/2018,,Acknowledged,,45000
WD18030005,F0615000173601,SRA 2L/6 Spk L/ade Key Lime RS        64,CLOSE CODE,6/ Ounce,,Ounce,,Case,344.0,64.0,5.4,29.75,10234.0,,,DRY,,,,60,3/6/2018,,Acknowledged,,46000
WD18030005,F0928251007103,BRK 2L/6 Cola 64,CLOSE CODE,6/ Ounce,,Ounce,,Case,64.0,64.0,1.0,30.1409375,1929.02,,,DRY,,,,60,3/26/2018,,Acknowledged,,47000
WD18030005,F0928250141601,BRK 2L/6 P/app 64,CLOSE CODE,6/ Ounce,,Ounce,,Case,21.0,64.0,0.3,30.14095238,632.95999998,,,DRY,,,,60,3/29/2018,,Acknowledged,,48000
WD18030005,F0811317809501,SAC 1L/12ls ClrDt Mand Orng 70 POM,CLOSE CODE,12/,,,,Case,70.0,70.0,1.0,29.2,2044.0,,,DRY,,,,60,4/5/2018,,Acknowledged,,49000
WD18030005,F0615000173601,SRA 2L/6 Spk L/ade Key Lime RS        64,CLOSE CODE,6/ Ounce,,Ounce,,Case,344.0,64.0,5.4,29.75,10234.0,,,DRY,,,,60,3/6/2018,,Acknowledged,,50000
WD18030005,F0928251007103,BRK 2L/6 Cola 64,CLOSE CODE,6/ Ounce,,Ounce,,Case,64.0,64.0,1.0,30.1409375,1929.02,,,DRY,,,,60,3/26/2018,,Acknowledged,,51000
WD18030005,F0928250141601,BRK 2L/6 P/app 64,CLOSE CODE,6/ Ounce,,Ounce,,Case,21.0,64.0,0.3,30.14095238,632.95999998,,,DRY,,,,60,3/29/2018,,Acknowledged,,52000
WD18030005,F0811317809501,SAC 1L/12ls ClrDt Mand Orng 70 POM,CLOSE CODE,12/,,,,Case,70.0,70.0,1.0,29.2,2044.0,,,DRY,,,,60,4/5/2018,,Acknowledged,,53000
WD18030005,F0615000173601,SRA 2L/6 Spk L/ade Key Lime RS        64,CLOSE CODE,6/ Ounce,,Ounce,,Case,344.0,64.0,5.4,29.75,10234.0,,,DRY,,,,60,3/6/2018,,Acknowledged,,54000
WD18030005,F0928251007103,BRK 2L/6 Cola 64,CLOSE CODE,6/ Ounce,,Ounce,,Case,64.0,64.0,1.0,30.1409375,1929.02,,,DRY,,,,60,3/26/2018,,Acknowledged,,55000
WD18050015,DO124a,Peach Can,Out of Code,24,24,Ounce,Other,Case,50.0,100.0,0.5,12.0,600.0,,,DRY,,2/25/2018,,90,5/26/2018,,Acknowledged,,2000
WD18050015,DO125a,Salad Bag Mixed,Out of Code,24,24,Ounce,Other,Case,50.0,100.0,0.5,12.0,600.0,,,DRY,,2/25/2018,,90,5/26/2018,,Acknowledged,,3000
WD18050015,DO126a,Salad Bag Assorted,Out of Code,24,24,Ounce,Other,Case,50.0,100.0,0.5,12.0,600.0,,,DRY,,2/25/2018,,90,5/26/2018,,Acknowledged,,4000
WD18050010,4430010645,Mike Testing RFB VEG 12/16Z,CLOSE CODE,12,20,Ounce,Can,Case,16.0,120.0,0.13333333,17.0,272.0,277.0,,DRY,11/17/2016,,315,90,12/27/2017,,Acknowledged,,10000
WD18050010,4430010645,Mike Testing RFB VEG 12/16Z,CLOSE CODE,12,20,Ounce,Can,Case,48.0,120.0,0.4,17.0,816.0,830.0,,DRY,11/17/2016,,315,90,12/27/2017,,Acknowledged,,11000
WD18050010,4430010645,Mike Testing RFB VEG 12/16Z,CLOSE CODE,12,20,Ounce,Can,Case,44.0,120.0,0.36666667,17.0,748.0,761.0,,DRY,11/17/2016,,315,90,12/27/2017,,Acknowledged,,12000
WD18050010,4430012076,Ashley Testin CHW MN NDLS BG DRC 10/12Z,CLOSE CODE,10,12,Ounce,Bag,Case,48.0,48.0,1.0,9.0,432.0,432.0,,DRY,2/28/2018,,60,60,6/28/2018,,Acknowledged,,13000
WD18050010,4430012076,Ashley Testin CHW MN NDLS BG DRC 10/12Z,CLOSE CODE,10,12,Ounce,Bag,Case,48.0,48.0,1.0,9.0,432.0,432.0,,DRY,2/28/2018,,60,60,6/28/2018,,Acknowledged,,14000
WD18050010,4430012076,Ashley Testin CHW MN NDLS BG DRC 10/12Z,CLOSE CODE,10,12,Ounce,Bag,Case,48.0,48.0,1.0,9.0,432.0,432.0,,DRY,2/28/2018,,60,60,6/28/2018,,Acknowledged,,15000
WD18050010,4430012076,Ashley Testin CHW MN NDLS BG DRC 10/12Z,CLOSE CODE,10,12,Ounce,Bag,Case,48.0,48.0,1.0,9.0,432.0,432.0,,DRY,1/17/2018,,60,60,5/17/2018,,Acknowledged,,16000
WD18050010,4430012076,Ashley Testin CHW MN NDLS BG DRC 10/12Z,CLOSE CODE,10,12,Ounce,Bag,Case,48.0,48.0,1.0,9.0,432.0,432.0,,DRY,1/17/2018,,60,60,5/17/2018,,Acknowledged,,17000
WD18050010,4430012076,Ashley Testin CHW MN NDLS BG DRC 10/12Z,CLOSE CODE,10,12,Ounce,Bag,Case,48.0,48.0,1.0,9.0,432.0,432.0,,DRY,1/26/2018,,60,60,5/26/2018,,Acknowledged,,18000
WD18050010,4430012076,Ashley Testin CHW MN NDLS BG DRC 10/12Z,CLOSE CODE,10,12,Ounce,Bag,Case,48.0,48.0,1.0,9.0,432.0,432.0,,DRY,1/26/2018,,60,60,5/26/2018,,Acknowledged,,19000
WD18050010,4430012076,Ashley Testin CHW MN NDLS BG DRC 10/12Z,CLOSE CODE,10,12,Ounce,Bag,Case,32.0,48.0,0.66666667,9.0,288.0,288.0,,DRY,1/11/2018,,60,60,5/11/2018,,Acknowledged,,20000
WD18050010,4430012076,Ashley Testin CHW MN NDLS BG DRC 10/12Z,CLOSE CODE,10,12,Ounce,Bag,Case,48.0,48.0,1.0,9.0,432.0,432.0,,DRY,1/12/2018,,60,60,5/12/2018,,Acknowledged,,21000
WD18050010,4430012076,Ashley Testin CHW MN NDLS BG DRC 10/12Z,CLOSE CODE,10,12,Ounce,Bag,Case,48.0,48.0,1.0,9.0,432.0,432.0,,DRY,1/12/2018,,60,60,5/12/2018,,Acknowledged,,22000
WD18050012,CIK10L15PDM65,Dan Testing 1 Liter Water,CLOSE CODE,,1,Liter,Bottle,Case,520.0,65.0,8.0,33.98,17669.6,,,DRY,,,,,1/16/2019,,Acknowledged,,1000
WD18050012,NDW24Z24PDMCH36,Mike Testing 24oz. Water,CLOSE CODE,,24,Ounce,Bottle,Case,252.0,36.0,7.0,33.98,8562.96,,,DRY,,,,,1/5/2019,,Acknowledged,,2000
WD18050012,CLO1GP3PDSB,Ashley Testing 1 Gallon Water,CLOSE CODE,,1,Gallon,Bottle,Case,384.0,96.0,4.0,33.98,13048.32,,,DRY,,,,,3/22/2019,,Acknowledged,,3000
WD18050013,CIK10L15PDM65,1 Liter Water,CLOSE CODE,,1,Liter,Bottle,Case,520.0,65.0,8.0,33.98,17669.6,,,DRY,,,,,1/16/2019,,,,1000
WD18050013,NDW24Z24PDMCH36,24oz. Water,CLOSE CODE,,24,Ounce,Bottle,Case,252.0,36.0,7.0,33.98,8562.96,,,DRY,,,,,1/5/2019,,,,2000
WD18050013,CLO1GP3PDSB,1 Gallon Water,CLOSE CODE,,1,Gallon,Bottle,Case,384.0,96.0,4.0,33.98,13048.32,,,DRY,,,,,3/22/2019,,,,3000
WD18050015,DO123a,Apple Can Test 2,Out of Code,24,24,Ounce,Other,Case,50.0,100.0,0.5,12.0,600.0,,,DRY,,2/25/2018,,90,5/26/2018,,Acknowledged,,1000
WD18050022,4430010000,Dan ROS RFB VEG 1/PL 240/8/16Z,CLOSE CODE,,,,Can,Case,1.0,1.0,1.0,2231.0,2231.0,2231.0,,DRY,2/24/2016,,1,,2/25/2016,,Acknowledged,,1000
WD18050022,4430010000,Dan ROS RFB VEG 1/PL 240/8/16Z,CLOSE CODE,,,,Can,Case,1.0,1.0,1.0,2231.0,2231.0,2231.0,,DRY,2/24/2016,,1,,2/25/2016,,Acknowledged,,2000
WD18050022,4430010000,Dan ROS RFB VEG 1/PL 240/8/16Z,CLOSE CODE,,,,Can,Case,1.0,1.0,1.0,2231.0,2231.0,2231.0,,DRY,2/24/2016,,1,,2/25/2016,,Acknowledged,,3000
WD18050022,4430010000,Dan ROS RFB VEG 1/PL 240/8/16Z,CLOSE CODE,,,,Can,Case,1.0,1.0,1.0,2231.0,2231.0,2231.0,,DRY,2/24/2016,,1,,2/25/2016,,Acknowledged,,4000
WD18050022,4430010000,Dan ROS RFB VEG 1/PL 240/8/16Z,CLOSE CODE,,,,Can,Case,1.0,1.0,1.0,2231.0,2231.0,2231.0,,DRY,2/24/2016,,1,,2/25/2016,,Acknowledged,,5000
WD18050022,4430010626,Mike ROS RFB VEG 12/16Z,CLOSE CODE,12,16,Ounce,Can,Case,5.0,176.0,0.02840909,14.0,70.0,69.0,,DRY,4/12/2016,,1,,4/13/2016,,Acknowledged,,6000
WD18050022,4430010626,Mike ROS RFB VEG 12/16Z,CLOSE CODE,12,16,Ounce,Can,Case,169.0,176.0,0.96022727,14.0,2366.0,2327.0,,DRY,4/12/2016,,1,,4/13/2016,,Acknowledged,,7000
WD18050022,4430010626,Mike ROS RFB VEG 12/16Z,CLOSE CODE,12,16,Ounce,Can,Case,1.0,176.0,0.00568182,14.0,14.0,14.0,,DRY,4/12/2016,,1,,4/13/2016,,Acknowledged,,8000
WD18050022,4430010645,Mike ROS RFB VEG 12/16Z,CLOSE CODE,12,20,Ounce,Can,Case,12.0,120.0,0.1,17.0,204.0,208.0,,DRY,11/17/2016,,1,,11/18/2016,,Acknowledged,,9000
WD18050022,4430010645,Mike ROS RFB VEG 12/16Z,CLOSE CODE,12,20,Ounce,Can,Case,16.0,120.0,0.13333333,17.0,272.0,277.0,,DRY,11/17/2016,,1,,11/18/2016,,Acknowledged,,10000
WD18050022,4430010645,Mike ROS RFB VEG 12/16Z,CLOSE CODE,12,20,Ounce,Can,Case,48.0,120.0,0.4,17.0,816.0,830.0,,DRY,11/17/2016,,1,,11/18/2016,,Acknowledged,,11000
WD18050022,4430010645,Mike ROS RFB VEG 12/16Z,CLOSE CODE,12,20,Ounce,Can,Case,44.0,120.0,0.36666667,17.0,748.0,761.0,,DRY,11/17/2016,,1,,11/18/2016,,Acknowledged,,12000
WD18050022,4430012076,Ashley LaChoy  Chow Mein Noodles NDLS BG DRC 10/12Z,CLOSE CODE,10,12,Ounce,Bag,Case,48.0,48.0,1.0,9.0,432.0,432.0,,DRY,2/28/2018,,1,,3/1/2018,,Acknowledged,,13000
WD18050022,4430012076,Ashley LaChoy  Chow Mein Noodles NDLS BG DRC 10/12Z,CLOSE CODE,10,12,Ounce,Bag,Case,48.0,48.0,1.0,9.0,432.0,432.0,,DRY,2/28/2018,,1,,3/1/2018,,Acknowledged,,14000
WD18050022,4430012076,Ashley LaChoy  Chow Mein Noodles NDLS BG DRC 10/12Z,CLOSE CODE,10,12,Ounce,Bag,Case,48.0,48.0,1.0,9.0,432.0,432.0,,DRY,2/28/2018,,1,,3/1/2018,,Acknowledged,,15000
WD18050022,4430012076,Ashley LaChoy  Chow Mein Noodles NDLS BG DRC 10/12Z,CLOSE CODE,10,12,Ounce,Bag,Case,48.0,48.0,1.0,9.0,432.0,432.0,,DRY,1/17/2018,,1,,1/18/2018,,Acknowledged,,16000
WD18050022,4430012076,Ashley LaChoy  Chow Mein Noodles NDLS BG DRC 10/12Z,CLOSE CODE,10,12,Ounce,Bag,Case,48.0,48.0,1.0,9.0,432.0,432.0,,DRY,1/17/2018,,1,,1/18/2018,,Acknowledged,,17000
WD18050022,4430012076,Ashley LaChoy  Chow Mein Noodles NDLS BG DRC 10/12Z,CLOSE CODE,10,12,Ounce,Bag,Case,48.0,48.0,1.0,9.0,432.0,432.0,,DRY,1/26/2018,,1,,1/27/2018,,Acknowledged,,18000
WD18050022,4430012076,Ashley LaChoy  Chow Mein Noodles NDLS BG DRC 10/12Z,CLOSE CODE,10,12,Ounce,Bag,Case,48.0,48.0,1.0,9.0,432.0,432.0,,DRY,1/26/2018,,1,,1/27/2018,,Acknowledged,,19000
WD18050022,4430012076,Ashley LaChoy  Chow Mein Noodles NDLS BG DRC 10/12Z,CLOSE CODE,10,12,Ounce,Bag,Case,48.0,48.0,1.0,9.0,432.0,432.0,,DRY,1/12/2018,,1,,1/13/2018,,Acknowledged,,21000
WD18050029,44300100001,Ashley ROS RFB VEG 1/PL 240/8/16Z,CLOSE CODE,,,,Other,Case,1.0,1.0,1.0,2231.0,2231.0,,,DRY,2/24/2016,,360,99,5/28/2017,,Acknowledged,,2000
WD18050022,4430012076,Ashley LaChoy  Chow Mein Noodles NDLS BG DRC 10/12Z,CLOSE CODE,10,12,Ounce,Bag,Case,32.0,48.0,0.66666667,9.0,288.0,288.0,,DRY,1/11/2018,,1,,1/12/2018,,Acknowledged,,20000
WD18050022,4430012076,Ashley LaChoy  Chow Mein Noodles NDLS BG DRC 10/12Z,CLOSE CODE,10,12,Ounce,Bag,Case,48.0,48.0,1.0,9.0,432.0,432.0,,DRY,1/12/2018,,1,,1/13/2018,,Acknowledged,,22000
WD18050026,CRY1GP288BDR,4430010000,,,,,,,,2231.0,1.0,1.0,,,,,,,,360,,,,,1000
WD18050026,NDW05L35PDRPBN,4430010000,,,,,,,,2231.0,1.0,1.0,,,,,,,,360,,,,,2000
WD18050026,GRV05L24PDMN,4430010000,,,,,,,,2231.0,1.0,1.0,,,,,,,,360,,,,,3000
WD18050026,ESE1GP6PSPB,4430010000,,,,,,,,2231.0,1.0,1.0,,,,,,,,360,,,,,4000
WD18050027,4430010000,Dan ROS RFB VEG 1/PL 240/8/16Z,CLOSE CODE,,,,Can,Case,1.0,1.0,1.0,2231.0,2231.0,,,DRY,2/24/2016,,360,,2/18/2017,,,,1000
WD18050027,4430010000,Dan ROS RFB VEG 1/PL 240/8/16Z,CLOSE CODE,,,,Can,Case,1.0,1.0,1.0,2231.0,2231.0,,,DRY,2/24/2016,,360,,2/18/2017,,,,2000
WD18050027,4430010000,Dan ROS RFB VEG 1/PL 240/8/16Z,CLOSE CODE,,,,Can,Case,1.0,1.0,1.0,2231.0,2231.0,,,DRY,2/24/2016,,360,,2/18/2017,,,,3000
WD18050027,4430010000,Dan ROS RFB VEG 1/PL 240/8/16Z,CLOSE CODE,,,,Can,Case,1.0,1.0,1.0,2231.0,2231.0,,,DRY,2/24/2016,,360,,2/18/2017,,,,4000
WD18050027,4430010000,Dan ROS RFB VEG 1/PL 240/8/16Z,CLOSE CODE,,,,Can,Case,1.0,1.0,1.0,2231.0,2231.0,,,DRY,2/24/2016,,360,,2/18/2017,,,,5000
WD18050027,4430010626,Mike ROS RFB VEG 12/16Z,CLOSE CODE,12,16,Ounce,Can,Case,5.0,176.0,0.0,14.0,70.0,,,DRY,4/12/2016,,360,,4/7/2017,,,,6000
WD18050027,4430010626,Mike ROS RFB VEG 12/16Z,CLOSE CODE,12,16,Ounce,Can,Case,169.0,176.0,1.0,14.0,2366.0,,,DRY,4/12/2016,,360,,4/7/2017,,,,7000
WD18050027,4430010626,Mike ROS RFB VEG 12/16Z,CLOSE CODE,12,16,Ounce,Can,Case,1.0,176.0,0.0,14.0,14.0,,,DRY,4/12/2016,,360,,4/7/2017,,,,8000
WD18050027,4430010645,Mike ROS RFB VEG 12/16Z,CLOSE CODE,12,20,Ounce,Can,Case,12.0,120.0,0.0,17.0,204.0,,,DRY,11/17/2016,,315,,9/28/2017,,,,9000
WD18050027,4430010645,Mike ROS RFB VEG 12/16Z,CLOSE CODE,12,20,Ounce,Can,Case,16.0,120.0,0.0,17.0,272.0,,,DRY,11/17/2016,,315,,9/28/2017,,,,10000
WD18050027,4430010645,Mike ROS RFB VEG 12/16Z,CLOSE CODE,12,20,Ounce,Can,Case,48.0,120.0,0.0,17.0,816.0,,,DRY,11/17/2016,,315,,9/28/2017,,,,11000
WD18050027,4430010645,Mike ROS RFB VEG 12/16Z,CLOSE CODE,12,20,Ounce,Can,Case,44.0,120.0,0.0,17.0,748.0,,,DRY,11/17/2016,,315,,9/28/2017,,,,12000
WD18050027,4430012076,LaChoy  Chow Mein Noodles NDLS BG DRC 10/12Z,CLOSE CODE,10,12,Ounce,Bag,Case,48.0,48.0,1.0,9.0,432.0,,,DRY,2/28/2018,,60,60,6/28/2018,,,,13000
WD18050027,4430012076,LaChoy  Chow Mein Noodles NDLS BG DRC 10/12Z,CLOSE CODE,10,12,Ounce,Bag,Case,48.0,48.0,1.0,9.0,432.0,,,DRY,2/28/2018,,60,60,6/28/2018,,,,14000
WD18050027,4430012076,LaChoy  Chow Mein Noodles NDLS BG DRC 10/12Z,CLOSE CODE,10,12,Ounce,Bag,Case,48.0,48.0,1.0,9.0,432.0,,,DRY,2/28/2018,,60,60,6/28/2018,,,,15000
WD18050027,4430012076,LaChoy  Chow Mein Noodles NDLS BG DRC 10/12Z,CLOSE CODE,10,12,Ounce,Bag,Case,48.0,48.0,1.0,9.0,432.0,,,DRY,1/17/2018,,60,60,5/17/2018,,,,16000
WD18050027,4430012076,LaChoy  Chow Mein Noodles NDLS BG DRC 10/12Z,CLOSE CODE,10,12,Ounce,Bag,Case,48.0,48.0,1.0,9.0,432.0,,,DRY,1/17/2018,,60,60,5/17/2018,,,,17000
WD18050027,4430012076,LaChoy  Chow Mein Noodles NDLS BG DRC 10/12Z,CLOSE CODE,10,12,Ounce,Bag,Case,48.0,48.0,1.0,9.0,432.0,,,DRY,1/26/2018,,60,60,5/26/2018,,,,18000
WD18050027,4430012076,LaChoy  Chow Mein Noodles NDLS BG DRC 10/12Z,CLOSE CODE,10,12,Ounce,Bag,Case,48.0,48.0,1.0,9.0,432.0,,,DRY,1/26/2018,,60,60,5/26/2018,,,,19000
WD18050027,4430012076,LaChoy  Chow Mein Noodles NDLS BG DRC 10/12Z,CLOSE CODE,10,12,Ounce,Bag,Case,32.0,48.0,1.0,9.0,288.0,,,DRY,1/11/2018,,60,60,5/11/2018,,,,20000
WD18050027,4430012076,LaChoy  Chow Mein Noodles NDLS BG DRC 10/12Z,CLOSE CODE,10,12,Ounce,Bag,Case,48.0,48.0,1.0,9.0,432.0,,,DRY,1/12/2018,,60,60,5/12/2018,,,,21000
WD18050027,4430012076,LaChoy  Chow Mein Noodles NDLS BG DRC 10/12Z,CLOSE CODE,10,12,Ounce,Bag,Case,48.0,48.0,1.0,9.0,432.0,,,DRY,1/12/2018,,60,60,5/12/2018,,,,22000
WD18050029,44300100001,Ashley ROS RFB VEG 1/PL 240/8/16Z,CLOSE CODE,,,,Other,Case,1.0,1.0,1.0,2231.0,2231.0,,,DRY,2/24/2016,,360,99,5/28/2017,,Acknowledged,,3000
WD18050029,44300100001,Ashley ROS RFB VEG 1/PL 240/8/16Z,CLOSE CODE,,,,Other,Case,1.0,1.0,1.0,2231.0,2231.0,,,DRY,2/24/2016,,360,99,5/28/2017,,Acknowledged,,4000
WD18050029,44300100001,Ashley ROS RFB VEG 1/PL 240/8/16Z,CLOSE CODE,,,,Other,Case,1.0,1.0,1.0,2231.0,2231.0,,,DRY,2/24/2016,,360,99,5/28/2017,,Acknowledged,,5000
WD18050029,44300106261,Dan ROS RFB VEG 12/16Z,CLOSE CODE,,,,Other,Case,5.0,176.0,0.02840909,14.0,70.0,,,DRY,4/12/2016,,360,99,7/15/2017,,Acknowledged,,6000
WD18050029,44300106261,Dan ROS RFB VEG 12/16Z,CLOSE CODE,,,,Other,Case,5.0,176.0,0.02840909,14.0,70.0,,,DRY,4/12/2016,,360,99,7/15/2017,,Acknowledged,,7000
WD18050029,44300106261,Dan ROS RFB VEG 12/16Z,CLOSE CODE,,,,Other,Case,5.0,176.0,0.02840909,14.0,70.0,,,DRY,4/12/2016,,360,99,7/15/2017,,Acknowledged,,8000
WD18050029,44300106261,Dan ROS RFB VEG 12/16Z,CLOSE CODE,,,,Other,Case,5.0,176.0,0.02840909,14.0,70.0,,,DRY,4/12/2016,,360,99,7/15/2017,,Acknowledged,,9000
WD18050029,44300106261,Dan ROS RFB VEG 12/16Z,CLOSE CODE,,,,Other,Case,5.0,176.0,0.02840909,14.0,70.0,,,DRY,4/12/2016,,360,99,7/15/2017,,Acknowledged,,10000
WD18050029,44300106261,Dan ROS RFB VEG 12/16Z,CLOSE CODE,,,,Other,Case,5.0,176.0,0.02840909,14.0,70.0,,,DRY,4/12/2016,,360,99,7/15/2017,,Acknowledged,,11000
WD18050029,44300106261,Dan ROS RFB VEG 12/16Z,CLOSE CODE,,,,Other,Case,5.0,176.0,0.02840909,14.0,70.0,,,DRY,4/12/2016,,360,99,7/15/2017,,Acknowledged,,12000
WD18050029,44300120761,Mike LC CHW MN NDLS BG DRC 10/12Z,CLOSE CODE,,,,Other,Case,48.0,48.0,1.0,9.0,432.0,,,DRY,2/28/2018,,60,99,8/6/2018,,Acknowledged,,13000
WD18050029,44300120761,Mike LC CHW MN NDLS BG DRC 10/12Z,CLOSE CODE,,,,Other,Case,48.0,48.0,1.0,9.0,432.0,,,DRY,2/28/2018,,60,99,8/6/2018,,Acknowledged,,14000
WD18050029,44300120761,Mike LC CHW MN NDLS BG DRC 10/12Z,CLOSE CODE,,,,Other,Case,48.0,48.0,1.0,9.0,432.0,,,DRY,2/28/2018,,60,99,8/6/2018,,Acknowledged,,15000
WD18050029,44300120761,Mike LC CHW MN NDLS BG DRC 10/12Z,CLOSE CODE,,,,Other,Case,48.0,48.0,1.0,9.0,432.0,,,DRY,1/17/2018,,60,99,6/25/2018,,Acknowledged,,16000
WD18050029,44300120761,Mike LC CHW MN NDLS BG DRC 10/12Z,CLOSE CODE,,,,Other,Case,48.0,48.0,1.0,9.0,432.0,,,DRY,1/17/2018,,60,99,6/25/2018,,Acknowledged,,17000
WD18050029,44300120761,Mike LC CHW MN NDLS BG DRC 10/12Z,CLOSE CODE,,,,Other,Case,48.0,48.0,1.0,9.0,432.0,,,DRY,1/26/2018,,60,99,7/4/2018,,Acknowledged,,18000
WD18050029,44300120761,Mike LC CHW MN NDLS BG DRC 10/12Z,CLOSE CODE,,,,Other,Case,48.0,48.0,1.0,9.0,432.0,,,DRY,1/26/2018,,60,99,7/4/2018,,Acknowledged,,19000
WD18050029,44300120761,Mike LC CHW MN NDLS BG DRC 10/12Z,CLOSE CODE,,,,Other,Case,32.0,48.0,0.66666667,9.0,288.0,,,DRY,1/11/2018,,60,99,6/19/2018,,Acknowledged,,20000
WD18050029,44300100001,Ashley ROS RFB VEG 1/PL 240/8/16Z,CLOSE CODE,,,,Other,Case,1.0,1.0,1.0,2231.0,2231.0,,,DRY,2/24/2016,,360,99,5/28/2017,,Acknowledged,,1000
WD18030005,F0928250141601,BRK 2L/6 P/app 64,CLOSE CODE,6/ Ounce,,Ounce,,Case,21.0,64.0,0.3,30.14095238,632.95999998,,,DRY,,,,60,3/29/2018,,Acknowledged,,56000
WD18030005,F0811317809501,SAC 1L/12ls ClrDt Mand Orng 70 POM,CLOSE CODE,12/,,,,Case,70.0,70.0,1.0,29.2,2044.0,,,DRY,,,,60,4/5/2018,,Acknowledged,,57000
WD18030005,F0615000173601,SRA 2L/6 Spk L/ade Key Lime RS        64,CLOSE CODE,6/ Ounce,,Ounce,,Case,344.0,64.0,5.4,29.75,10234.0,,,DRY,,,,60,3/6/2018,,Acknowledged,,58000
WD18030005,F0928251007103,BRK 2L/6 Cola 64,CLOSE CODE,6/ Ounce,,Ounce,,Case,64.0,64.0,1.0,30.1409375,1929.02,,,DRY,,,,60,3/26/2018,,Acknowledged,,59000
WD18030005,F0928250141601,BRK 2L/6 P/app 64,CLOSE CODE,6/ Ounce,,Ounce,,Case,21.0,64.0,0.3,30.14095238,632.95999998,,,DRY,,,,60,3/29/2018,,Acknowledged,,60000
WD18030005,F0811317809501,SAC 1L/12ls ClrDt Mand Orng 70 POM,CLOSE CODE,12/,,,,Case,70.0,70.0,1.0,29.2,2044.0,,,DRY,,,,60,4/5/2018,,Acknowledged,,61000
WD18030005,F0615000173601,SRA 2L/6 Spk L/ade Key Lime RS        64,CLOSE CODE,6/ Ounce,,Ounce,,Case,344.0,64.0,5.4,29.75,10234.0,,,DRY,,,,60,3/6/2018,,Acknowledged,,62000
WD18030005,F0928251007103,BRK 2L/6 Cola 64,CLOSE CODE,6/ Ounce,,Ounce,,Case,64.0,64.0,1.0,30.1409375,1929.02,,,DRY,,,,60,3/26/2018,,Acknowledged,,63000
WD18030005,F0928250141601,BRK 2L/6 P/app 64,CLOSE CODE,6/ Ounce,,Ounce,,Case,21.0,64.0,0.3,30.14095238,632.95999998,,,DRY,,,,60,3/29/2018,,Acknowledged,,64000
WD18030395,DO123,Apple Can,Out of Code,24,24,Ounce,4 Pack,Case,100.0,100.0,1.0,12.0,1200.0,,,DRY,,2/25/2018,,90,5/26/2018,,Acknowledged,,1000
WD18030395,DO124,Peach Can,Out of Code,24,24,Ounce,4 Pack,Case,50.0,100.0,0.5,12.0,600.0,,,DRY,,2/25/2018,,90,5/26/2018,,Acknowledged,,2000
WD18030395,DO125,Salad Bag Mixed,Out of Code,24,24,Ounce,4 Pack,Case,50.0,100.0,0.5,12.0,600.0,,,DRY,,2/25/2018,,90,5/26/2018,,Acknowledged,,3000
WD18030395,DO126,Salad Bag Assorted,Out of Code,24,24,Ounce,4 Pack,Case,50.0,100.0,0.5,12.0,600.0,,,DRY,,2/25/2018,,90,5/26/2018,,Acknowledged,,4000
WD18030402,1278110180,MC DUTCH APL PIE 4/42Z,Customer Return/Refusal,,,Ounce,Aseptic Box,Box,45.0,45.0,1.0,12.0,540.0,,,FROZEN,,,,,,,Acknowledged,,1000
WD18030036,447000962100,9Z OM DL SHVD TRKY BRST OR 8,Out of Code,8,,,Other,Case,632.0,190.0,3.32631579,5.454,3446.928,5.454,,Refrigerated,,3/2/2018,75,,3/2/2018,TRANS CODE: 5 (CD ),Acknowledged,,1000
WD18030036,447000940300,15 Z OM LNCH TRKY CHED SS 6,Out of Code,6,15,Ounce,Other,Case,143.0,143.0,1.0,6.99,999.57,6.99,,Refrigerated,,3/2/2018,80,0,3/2/2018,TRANS CODE: 5 (CD ),Acknowledged,,2000
WD18030036,447000919500,"CLAUS 1 4"" CHIPS 5G KOSH",Out of Code,1,,,Other,Case,6.0,36.0,0.16666667,44.475,266.85,44.475,,Refrigerated,11/13/2017,,110,,3/3/2018,TRANS CODE: 5 (CD ),Acknowledged,,3000
WD18030036,447000914300,7Z OM E T MESQ SMK TKY BRST 12,Out of Code,12,7,Ounce,Other,Case,90.0,150.0,0.6,6.641,597.69,6.641,,Refrigerated,,3/4/2018,75,,3/4/2018,TRANS CODE: 5 (CD ),Acknowledged,,4000
WD18030036,447000098900,16Z OM COT-SALAMI 12,Out of Code,12,16,Ounce,Package,Case,157.0,160.0,0.98125,13.313,2090.141,13.313,,Refrigerated,,3/4/2018,125,0,3/4/2018,TRANS CODE: 5 (CD ),Acknowledged,,5000
WD18030036,447000097100,16Z OM BF BOLO SLI RDR NP   18,Out of Code,18,16,Ounce,Package,Case,100.0,110.0,0.90909091,19.607,1960.7,19.607,,Refrigerated,,3/4/2018,120,0,3/4/2018,TRANS CODE: 5 (CD ),Acknowledged,,6000
WD18030036,447000917200,8Z OM DELI TKY BRST SHVD SMKD LS 12,Out of Code,12,,,Other,Case,150.0,150.0,1.0,7.36,1104.0,7.36,,Refrigerated,,3/5/2018,75,,3/5/2018,TRANS CODE: 5 (CD ),Acknowledged,,7000
WD18030036,447003606600,3.66Z LC VTP RITZ CHED HAM 12,Out of Code,12,3.66,Ounce,Package,Case,165.0,165.0,1.0,3.881,640.365,3.881,,Refrigerated,,3/6/2018,90,0,3/6/2018,TRANS CODE: 5 (CD ),Acknowledged,,8000
WD18030036,447000618900,7Z OM TURAL SLO RSTD RST BF 12,Out of Code,12,,,Other,Case,150.0,150.0,1.0,6.656,998.4,6.656,,Refrigerated,,3/6/2018,75,,3/6/2018,TRANS CODE: 5 (CD ),Acknowledged,,9000
WD18030036,447000940900,15.3Z OM LUNCHABLES CHEESE PIZZA 6,Out of Code,6,15.3,Ounce,Other,Case,39.0,143.0,0.27272727,7.035,274.365,7.035,,Refrigerated,,3/7/2018,75,,3/7/2018,TRANS CODE: 5 (CD ),Acknowledged,,10000
WD18030036,210000452900,PH CHSECKE BTR PCH 4-3LB,Out of Code,4,,,Other,Case,9.0,130.0,0.06923077,12.88,115.92,12.88,,Refrigerated,,3/8/2018,150,,3/8/2018,TRANS CODE: 5 (CD ),Acknowledged,,11000
WD18030036,447000942800,OM 3.2Z PP CV SS TUR CHED 8,Out of Code,8,3.2,Ounce,Package,Case,45.0,300.0,0.15,2.191,98.595,2.191,,Refrigerated,,3/9/2018,75,0,3/9/2018,TRANS CODE: 5 (CD ),Acknowledged,,12000
WD18030036,447000634500,24Z CL KOSHER HOT and SPICY 12,Out of Code,12,,,Other,Case,2.0,70.0,0.02857143,28.988,57.976,28.988,,Refrigerated,,3/9/2018,100,,3/9/2018,TRANS CODE: 5 (CD ),Acknowledged,,13000
WD18030036,210000571400,7Z KR ORGANIC WHITE CHEDDAR 12,Out of Code,12,,,Other,Case,20.0,325.0,0.06153846,5.701,114.02,5.701,,Refrigerated,,4/19/2018,150,,4/19/2018,TRANS CODE: 5 (CD ),Acknowledged,,14000
WD18030036,447000097500,16ZOM BF BOLO RR TK-S NP RDR12,Out of Code,12,16,Ounce,Package,Case,215.0,160.0,1.34375,13.313,2862.295,13.313,,Refrigerated,,3/5/2018,120,0,3/5/2018,TRANS CODE: 5 (CD ),Acknowledged,,15000
WD18030383,220102,axe body spray excite 4 oz.,Discontinued Item,,,,Can,Case,10.0,1.0,10.0,4.82,48.2,,,DRY,,9/18/2018,,,12/29/2017,,Acknowledged,,1000
WD18030383,386895,dove apa sensitive dry spray deod 3.8 oz,Discontinued Item,,,,Can,Case,10.0,1.0,10.0,4.1,41.0,,,DRY,,3/18/2019,,,3/18/2019,,Acknowledged,,2000
WD18050010,4430010000,Dan Testing  RFB VEG 1/PL 240/8/16Z,CLOSE CODE,,,,Can,Case,1.0,1.0,1.0,2231.0,2231.0,2231.0,,DRY,2/24/2016,,360,,2/18/2017,,Acknowledged,,1000
WD18050010,4430010000,Dan Testing  RFB VEG 1/PL 240/8/16Z,CLOSE CODE,,,,Can,Case,1.0,1.0,1.0,2231.0,2231.0,2231.0,,DRY,2/24/2016,,360,,2/18/2017,,Acknowledged,,2000
WD18050010,4430010000,Dan Testing  RFB VEG 1/PL 240/8/16Z,CLOSE CODE,,,,Can,Case,1.0,1.0,1.0,2231.0,2231.0,2231.0,,DRY,2/24/2016,,360,,2/18/2017,,Acknowledged,,3000
WD18050010,4430010000,Dan Testing  RFB VEG 1/PL 240/8/16Z,CLOSE CODE,,,,Can,Case,1.0,1.0,1.0,2231.0,2231.0,2231.0,,DRY,2/24/2016,,360,,2/18/2017,,Acknowledged,,4000
WD18050010,4430010000,Dan Testing  RFB VEG 1/PL 240/8/16Z,CLOSE CODE,,,,Can,Case,1.0,1.0,1.0,2231.0,2231.0,2231.0,,DRY,2/24/2016,,360,,2/18/2017,,Acknowledged,,5000
WD18050010,4430010626,Mike Testing RFB VEG 12/16Z,CLOSE CODE,12,16,Ounce,Can,Case,5.0,176.0,0.02840909,14.0,70.0,69.0,,DRY,4/12/2016,,360,180,10/4/2017,,Acknowledged,,6000
WD18050010,4430010626,Mike Testing RFB VEG 12/16Z,CLOSE CODE,12,16,Ounce,Can,Case,169.0,176.0,0.96022727,14.0,2366.0,2327.0,,DRY,4/12/2016,,360,180,10/4/2017,,Acknowledged,,7000
WD18050010,4430010626,Mike Testing RFB VEG 12/16Z,CLOSE CODE,12,16,Ounce,Can,Case,1.0,176.0,0.00568182,14.0,14.0,14.0,,DRY,4/12/2016,,360,180,10/4/2017,,Acknowledged,,8000
WD18050010,4430010645,Mike Testing RFB VEG 12/16Z,CLOSE CODE,12,20,Ounce,Can,Case,12.0,120.0,0.1,17.0,204.0,208.0,,DRY,11/17/2016,,315,90,12/27/2017,,Acknowledged,,9000
WD17100019,1235897,Swiss Cheese,Damaged,/12 Each,12,Each,,Case,6001.0,30.0,200.033333333333,10.0,60010.0,,,DRY,,1/25/2017,,90,4/25/2017,,Acknowledged,,1000
WD17100019,5897489,Bulk Cheese,Discontinued Item,/10 Pound,10,Pound,,Totes,75.0,50.0,1.5,5.0,375.0,,,DRY,3/20/2017,,120,30,7/18/2017,,Acknowledged,,2000
WD17100019,1235897,Swiss Cheese,Damaged,/12 Each,12,Each,,Case,10.0,30.0,0.333333333333333,10.0,100.0,,,DRY,,1/25/2017,,90,4/25/2017,,Acknowledged,,3000
WD17100019,5897489,Bulk Cheese,Discontinued Item,/10 Pound,10,Pound,,Totes,15.0,50.0,0.3,5.0,75.0,,,DRY,3/20/2017,,120,30,7/18/2017,,Acknowledged,,4000
WD17100019,1235897,Swiss Cheese,Damaged,/12 Each,12,Each,,Case,10.0,30.0,0.333333333333333,10.0,100.0,,,DRY,,1/25/2017,,90,4/25/2017,,Acknowledged,,5000
WD17100019,5897489,Bulk Cheese,Discontinued Item,/10 Pound,10,Pound,,Totes,10.0,50.0,0.2,5.0,50.0,,,DRY,3/20/2017,,120,30,7/18/2017,,Acknowledged,,6000
WD17100019,1235897,Swiss Cheese,Damaged,/12 Each,12,Each,,Case,10.0,30.0,0.333333333333333,10.0,100.0,,,DRY,,1/25/2017,,90,4/25/2017,,Acknowledged,,7000
WD17100019,5897489,Bulk Cheese,Discontinued Item,/10 Pound,10,Pound,,Totes,10.0,50.0,0.2,5.0,50.0,,,DRY,3/20/2017,,120,30,7/18/2017,,Acknowledged,,8000
WD17100019,1235897,Swiss Cheese,Damaged,/12 Each,12,Each,,Case,10.0,30.0,0.333333333333333,10.0,100.0,,,DRY,,1/25/2017,,90,4/25/2017,,Acknowledged,,9000
WD17100019,5897489,Bulk Cheese,Discontinued Item,/10 Pound,10,Pound,,Totes,10.0,50.0,0.2,5.0,50.0,,,DRY,3/20/2017,,120,30,7/18/2017,,Acknowledged,,10000
WD17110011,SS4569,Frozen Cod,Test Product,10/8 Ounce,8,Ounce,,Case,200.0,25.0,8.0,25.0,5000.0,,,FROZEN,,12/1/2017,,10,12/11/2017,,Acknowledged,,1000
WD17110011,SS5698,Frozen Salmon,Discontinued Item,15/8 Ounce,8,Ounce,,Case,500.0,30.0,16.6666666666667,30.0,15000.0,,,FROZEN,1/1/2018,,,100,1/1/2018,,Acknowledged,,2000
WD17110020,7737854737001,Chicken in A Can Meals,CLOSE CODE,/12,12,,PAPER,,250.0,25.0,10.0,12.5,3125.0,,,Refrigerated,,10/5/2018,100,30,11/4/2018,,Acknowledged,,1000
WD17110020,3125685971002,Turkey in a Can Meals,CLOSE CODE,/12,12,,PAPER,,500.0,50.0,10.0,5.6,2800.0,,,Refrigerated,,10/6/2018,100,30,11/5/2018,,Acknowledged,,2000
WD17110020,7085681091003,Chicken in a Bag Meals,CLOSE CODE,/12,12,,PAPER,,750.0,75.0,10.0,8.3,6225.0,,,DRY,,10/7/2018,,,10/7/2018,,Acknowledged,,3000
WD17110020,7737854456872,Turkey in a bag Meals,CLOSE CODE,/12,12,,PAPER,,500.0,25.0,20.0,12.5,6250.0,,,DRY,,10/8/2018,,,10/8/2018,,Acknowledged,,4000
WD17110020,3125685971142,Chicken fingers for kids,CLOSE CODE,/12,12,,PAPER,,1500.0,50.0,30.0,5.6,8400.0,,,DRY,,10/9/2018,,,10/9/2018,,Acknowledged,,5000
WD17110020,7085681087587,Turkey fingers for kids,CLOSE CODE,/12,12,,PAPER,,1500.0,75.0,20.0,8.3,12450.0,,,DRY,,10/10/2018,,,10/10/2018,,Acknowledged,,6000
WD17110021,7737854737001,Chicken in A Can Meals,CLOSE CODE,/12,12,,PAPER,,2000.0,25.0,80.0,12.5,25000.0,,,DRY,,9/5/2018,,,9/5/2018,,Acknowledged,,1000
WD17110022,7737854737001,Chicken in A Can Meals,CLOSE CODE,/12,12,,PAPER,,25.0,25.0,1.0,12.5,312.5,,,DRY,,10/5/2018,,,10/5/2018,,Acknowledged,,1000
WD17110017,3800029559,Special K20 Lemon Protein Water 4 ct. - 16 fl. oz.,Inventory,6/68.3,68.3,,Unknown,,250.0,25.0,10.0,28.04,7010.0,,,DRY,,8/20/2018,365,25,9/14/2018,,Acknowledged,,1000
WD17110017,3800029563,Special K20 Tropical Blend Protein Water 4 ct. -,Inventory,6/68.3,68.3,,Unknown,,100.0,15.0,6.66666666666667,28.04,2804.0,,,DRY,,8/21/2018,365,25,9/15/2018,,Acknowledged,,2000
WD17110022,3125685971002,Turkey in a Can Meals,CLOSE CODE,/12,12,,PAPER,,50.0,50.0,1.0,5.6,280.0,,,DRY,,10/6/2018,,,10/6/2018,,Acknowledged,,2000
WD17110022,7085681091003,Chicken in a Bag Meals,CLOSE CODE,/12,12,,PAPER,,75.0,75.0,1.0,8.3,622.5,,,DRY,,10/7/2018,,,10/7/2018,,Acknowledged,,3000
WD17110022,7737854456872,Turkey in a bag Meals,CLOSE CODE,/12,12,,PAPER,,50.0,25.0,2.0,12.5,625.0,,,DRY,,10/8/2018,,,10/8/2018,,Acknowledged,,4000
WD17110022,3125685971142,Chicken fingers for kids,CLOSE CODE,/12,12,,PAPER,,150.0,50.0,3.0,5.6,840.0,,,DRY,,10/9/2018,,,10/9/2018,,Acknowledged,,5000
WD17110017,3800029566,Special K20 Strawberry Kiwi Protein Water 4 ct. -,Inventory,6/68.3,68.3,,Unknown,,150.0,25.0,6.0,28.04,4206.0,,,DRY,,8/22/2018,365,25,9/16/2018,,Acknowledged,,3000
WD17110017,3800031365,Special K20 Lemon Twist Protein Water SS 12 ct. -,Inventory,12/17.1,17.1,,Unknown,,200.0,50.0,4.0,14.38,2876.0,,,DRY,,8/23/2018,365,25,9/17/2018,,Acknowledged,,4000
WD17110017,3800031409,SpK20 Tropical Blend Protein Water SS (12-16 fl. o,Inventory,12/17.1,17.1,,Unknown,,160.0,15.0,10.6666666666667,14.38,2300.8,,,DRY,,8/24/2018,365,25,9/18/2018,,Acknowledged,,5000
WD17110017,3800031956,Special K20 Strawberry Kiwi Protein Water 12 ct. C,Inventory,1/204.8,204.8,,Unknown,,130.0,25.0,5.2,14.38,1869.4,,,DRY,,8/25/2018,365,25,9/19/2018,,Acknowledged,,6000
WD17110017,3800031368,Special K20 Strawberry Kiwi Protein Water SS 12 ct,Inventory,12/17.1,17.1,,Unknown,,125.0,35.0,3.57142857142857,14.38,1797.5,,,DRY,,8/26/2018,365,25,9/20/2018,,Acknowledged,,7000
WD17110017,3800032736,Special K20 Protein Water Club Varitey Pack,Inventory,1/204.8,204.8,,Unknown,,145.0,15.0,9.66666666666667,14.38,2085.1,,,DRY,,8/27/2018,365,25,9/21/2018,,Acknowledged,,8000
WD17110017,3800033974,Pink Lemonade SPK2O On The Go Powder 7ct,Inventory,6/3.6,3.6,,Unknown,,65.0,25.0,2.6,2.14,139.1,,,DRY,,8/28/2018,365,25,9/22/2018,,Acknowledged,,9000
WD17110017,3800033970,Iced Tea SPK2O On The Go Powder 7ct,Inventory,6/3.4,3.4,,Unknown,,89.0,20.0,4.45,2.06,183.34,,,DRY,,8/29/2018,365,25,9/23/2018,,Acknowledged,,10000
WD17110017,3800035094,SPK2O Mixed Berry SS,Inventory,12/17.1,17.1,,Unknown,,100.0,15.0,6.66666666666667,14.38,1438.0,,,DRY,,8/30/2018,365,25,9/24/2018,,Acknowledged,,11000
WD17110017,3800031958,Special K20 Tropical Blend Protein Water 12 ct. C,Inventory,1/204.8,204.8,,Unknown,,100.0,15.0,6.66666666666667,14.38,1438.0,,,DRY,,8/31/2018,365,25,9/25/2018,,Acknowledged,,12000
WD17110019,3800031409,SpK20 Tropical Blend Protein Water SS (12-16 fl. o,Damaged,12/17.1,17.1,,,,145.0,15.0,9.66666666666667,14.38,2085.1,,,DRY,4/24/2017,,365,,4/24/2018,,Acknowledged,,1000
WD17110031,3125685971002,Turkey in a Can Meals,CLOSE CODE,/12 Box,12,Box,PAPER,Box,500.0,50.0,10.0,5.6,2800.0,,,Refrigerated,,10/6/2018,100,30,11/5/2018,,Acknowledged,,2000
WD17110031,7085681091003,Chicken in a Bag Meals,CLOSE CODE,/12 Box,12,Box,PAPER,Box,750.0,75.0,10.0,8.3,6225.0,,,DRY,,10/7/2018,,,10/7/2018,,Acknowledged,,3000
WD17110031,7737854456872,Turkey in a bag Meals,CLOSE CODE,/12 Box,12,Box,PAPER,Box,500.0,25.0,20.0,12.5,6250.0,,,DRY,,10/8/2018,,,10/8/2018,,Acknowledged,,4000
WD17110031,3125685971142,Chicken fingers for kids,CLOSE CODE,/12 Box,12,Box,PAPER,Box,1500.0,50.0,30.0,5.6,8400.0,,,DRY,,10/9/2018,,,10/9/2018,,Acknowledged,,5000
WD17110022,7085681087587,Turkey fingers for kids,CLOSE CODE,/12,12,,PAPER,,150.0,75.0,2.0,8.3,1245.0,,,DRY,,10/10/2018,,,10/10/2018,,Acknowledged,,6000
WD17110031,7737854737001,Chicken in A Can Meals,CLOSE CODE,/12 Box,12,Box,PAPER,Box,250.0,25.0,10.0,12.5,3125.0,,,Refrigerated,,10/5/2018,100,30,11/4/2018,,Acknowledged,,1000
WD17110049,3800029559,Special K20 Lemon Protein Water 4 ct. - 16 fl. oz.,CLOSE CODE,6/68.3 CS,68.3,CS,Unknown,Each,250.0,25.0,10.0,28.04,7010.0,,,DRY,,8/20/2018,365,25,9/14/2018,,Acknowledged,,1000
WD17110049,3800029563,Special K20 Tropical Blend Protein Water 4 ct. -,CLOSE CODE,6/68.3 CS,68.3,CS,Unknown,Each,100.0,15.0,6.66666666666667,28.04,2804.0,,,DRY,,8/21/2018,365,25,9/15/2018,,Acknowledged,,2000
WD17110049,3800029566,Special K20 Strawberry Kiwi Protein Water 4 ct. -,Inventory,6/68.3 CS,68.3,CS,Unknown,Each,150.0,25.0,6.0,28.04,4206.0,,,DRY,,8/22/2018,365,25,9/16/2018,,Acknowledged,,3000
WD17110049,3800031365,Special K20 Lemon Twist Protein Water SS 12 ct. -,Inventory,12/17.1 CS,17.1,CS,Unknown,Each,200.0,50.0,4.0,14.38,2876.0,,,DRY,,8/23/2018,365,25,9/17/2018,,Acknowledged,,4000
WD17110049,3800031409,SpK20 Tropical Blend Protein Water SS (12-16 fl. o,Damaged,12/17.1 CS,17.1,CS,Unknown,Each,160.0,15.0,10.6666666666667,14.38,2300.8,,,DRY,,8/24/2018,365,25,9/18/2018,,Acknowledged,,5000
WD17110049,3800031956,Special K20 Strawberry Kiwi Protein Water 12 ct. C,CLOSE CODE,1/204.8 CS,204.8,CS,Unknown,Each,130.0,25.0,5.2,14.38,1869.4,,,DRY,,8/25/2018,365,25,9/19/2018,,Acknowledged,,6000
WD17110049,3800031368,Special K20 Strawberry Kiwi Protein Water SS 12 ct,Discontinued Item,12/17.1 CS,17.1,CS,Unknown,Each,125.0,35.0,3.57142857142857,14.38,1797.5,,,DRY,,8/26/2018,365,25,9/20/2018,,Acknowledged,,7000
WD17110031,7085681087587,Turkey fingers for kids,CLOSE CODE,/12 Box,12,Box,PAPER,Box,1500.0,75.0,20.0,8.3,12450.0,,,DRY,,10/10/2018,,,10/10/2018,,Acknowledged,,6000
WD17120021,3800029563,Special K20 Tropical Blend Protein Water 4 ct. -,Disaster Relief,6/68.3,68.3,,,,50.0,50.0,1.0,28.04,1402.0,,,DRY,8/21/2017,,365,,8/21/2018,,Acknowledged,,2000
WD17120021,3800029566,Special K20 Strawberry Kiwi Protein Water 4 ct. -,Disaster Relief,6/68.3,68.3,,,,50.0,50.0,1.0,28.04,1402.0,,,DRY,8/22/2017,,365,,8/22/2018,,Acknowledged,,3000
WD17120021,3800031365,Special K20 Lemon Twist Protein Water SS 12 ct. -,Disaster Relief,12/17.1,17.1,,,,50.0,100.0,0.5,14.38,719.0,,,DRY,8/23/2017,,365,,8/23/2018,,Acknowledged,,4000
WD17120021,3800031409,SpK20 Tropical Blend Protein Water SS (12-16 fl. o,Disaster Relief,12/17.1,17.1,,,,50.0,100.0,0.5,14.38,719.0,,,DRY,8/24/2017,,365,,8/24/2018,,Acknowledged,,5000
WD17120021,3800031956,Special K20 Strawberry Kiwi Protein Water 12 ct. C,Disaster Relief,1/204.8,204.8,,,,50.0,100.0,0.5,14.38,719.0,,,DRY,8/25/2017,,366,,8/26/2018,,Acknowledged,,6000
WD17120021,3800031368,Special K20 Strawberry Kiwi Protein Water SS 12 ct,Disaster Relief,12/17.1,17.1,,,,50.0,100.0,0.5,14.38,719.0,,,DRY,8/26/2017,,365,,8/26/2018,,Acknowledged,,7000
WD17110049,3800032736,Special K20 Protein Water Club Varitey Pack,CLOSE CODE,1/204.8 CS,204.8,CS,Unknown,Each,145.0,15.0,9.66666666666667,14.38,2085.1,,,DRY,,8/27/2018,365,25,9/21/2018,,Acknowledged,,8000
WD17110049,3800033974,Pink Lemonade SPK2O On The Go Powder 7ct,Labelling Error/Change,6/3.6 CS,3.6,CS,Unknown,Each,65.0,25.0,2.6,2.14,139.1,,,DRY,,8/28/2018,365,25,9/22/2018,,Acknowledged,,9000
WD17110049,3800033970,Iced Tea SPK2O On The Go Powder 7ct,CLOSE CODE,6/3.4 CS,3.4,CS,Unknown,Each,89.0,20.0,4.45,2.06,183.34,,,DRY,,8/29/2018,365,25,9/23/2018,,Acknowledged,,10000
WD17110049,3800035094,SPK2O Mixed Berry SS,Discontinued Item,12/17.1 CS,17.1,CS,Unknown,Each,100.0,15.0,6.66666666666667,14.38,1438.0,,,DRY,,8/30/2018,365,25,9/24/2018,,Acknowledged,,11000
WD17110049,3800031958,Special K20 Tropical Blend Protein Water 12 ct. C,Avoid Dumpster Cost,1/204.8 CS,204.8,CS,Unknown,Each,100.0,15.0,6.66666666666667,14.38,1438.0,,,DRY,,8/31/2018,365,25,9/25/2018,,Acknowledged,,12000
WD17110125,SS4569,Frozen Cod,Test Product,10/8 Ounce,8,Ounce,,Case,500.0,25.0,20.0,25.0,12500.0,,,FROZEN,,12/1/2017,,10,12/11/2017,,Acknowledged,,1000
WD17110125,SS5698,Frozen Salmon,Discontinued Item,15/8 Ounce,8,Ounce,,Case,100.0,30.0,3.33333333333333,30.0,3000.0,,,FROZEN,1/1/2018,,,100,1/1/2018,,Acknowledged,,2000
WD17120021,3800029559,Special K20 Lemon Protein Water 4 ct. - 16 fl. oz.,Disaster Relief,6/68.3,68.3,,,,100.0,50.0,2.0,28.04,2804.0,,,DRY,8/20/2017,,365,,8/20/2018,,Acknowledged,,1000
WD17120021,3800032736,Special K20 Protein Water Club Varitey Pack,Disaster Relief,1/204.8,204.8,,,,50.0,100.0,0.5,14.38,719.0,,,DRY,8/27/2017,,366,,8/28/2018,,Acknowledged,,8000
WD17120021,3800033974,Pink Lemonade SPK2O On The Go Powder 7ct,Disaster Relief,6/3.6,3.6,,,,50.0,220.0,0.227272727272727,2.14,107.0,,,DRY,8/28/2017,,365,,8/28/2018,,Acknowledged,,9000
WD17120021,3800033970,Iced Tea SPK2O On The Go Powder 7ct,Disaster Relief,6/3.4,3.4,,,,35.0,220.0,0.159090909090909,2.06,72.1,,,DRY,8/29/2017,,366,,8/30/2018,,Acknowledged,,10000
WD17120021,3800035094,SPK2O Mixed Berry SS,Disaster Relief,12/17.1,17.1,,,,52.0,100.0,0.52,14.38,747.76,,,DRY,8/30/2017,,365,,8/30/2018,,Acknowledged,,11000
WD17120021,3800031958,Special K20 Tropical Blend Protein Water 12 ct. C,Disaster Relief,1/204.8,204.8,,,,52.0,100.0,0.52,14.38,747.76,,,DRY,8/31/2017,,366,,9/1/2018,,Acknowledged,,12000
WD17120035,Alaskanpollock02,4 oz O/R breaded Alaskan pollock portions 3 x 5 lb bags,OTHER,/ Cup,,Cup,,Totes,1417.0,95.0,14.0,15.0,21255.0,,,FROZEN,12/13/2017,,,,12/13/2017,,Acknowledged,,1000
WD17120035,Fishsticks01,1 oz Frz O/R Breaded Pollock Fish Sticks 1x10,OTHER,/ Display,,Display,,Tub,1492.0,140.0,10.0,10.0,14920.0,,,FROZEN,12/14/2017,,,,12/14/2017,,Acknowledged,,2000
WD17120041,Alaskanpollock02,4 oz O/R breaded Alaskan pollock portions 3 x 5 lb bags,OTHER,/ Bag,,Bag,,Bulk box,1417.0,95.0,14.9157894736842,15.0,21255.0,,,FROZEN,12/13/2017,,,20,1/2/2018,,Acknowledged,,1000
WD17120041,Fishsticks01,1 oz Frz O/R Breaded Pollock Fish Sticks 1x10,OTHER,/ Bag,,Bag,,Bulk box,1492.0,145.0,10.2896551724138,10.0,14920.0,,,FROZEN,12/14/2017,,,20,1/3/2018,,Acknowledged,,2000
WD0176693,926690,PANTENE EXP INT HYD SHAMPOO 9.6OZ,Discontinued Item,0/0 Box,0,Box,Box,Case,421.0,421.0,1.0,0.75,315.75,,,DRY,12/31/1752,12/31/1752,,,1/2/2028,,Acknowledged,,10000
D10804847,water,Bottled Water,Disaster Relief,0/0,0,,,Pallet,24.0,1.0,24.0,1750.0,42000.0,,,DRY,,,,,,,Acknowledged,,10000
D10804847,water,Bottled Water,Disaster Relief,0/0,0,,,Pallet,24.0,1.0,24.0,1750.0,42000.0,,,DRY,,,,,,,Acknowledged,,20000
D10804847,water,Bottled Water,Disaster Relief,0/0,0,,,Pallet,24.0,1.0,24.0,1750.0,42000.0,,,DRY,,,,,,,Acknowledged,,30000
D10804847,water,Bottled Water,Disaster Relief,0/0,0,,,Pallet,24.0,1.0,24.0,1750.0,42000.0,,,DRY,,,,,,,Acknowledged,,40000
D10804847,water,Bottled Water,Disaster Relief,0/0,0,,,Pallet,24.0,1.0,24.0,1750.0,42000.0,,,DRY,,,,,,,Acknowledged,,50000
D10804847,water,Bottled Water,Disaster Relief,0/0,0,,,Pallet,24.0,1.0,24.0,1750.0,42000.0,,,DRY,,,,,,,Acknowledged,,60000
D10804847,water,Bottled Water,Disaster Relief,0/0,0,,,Pallet,24.0,1.0,24.0,1750.0,42000.0,,,DRY,,,,,,,Acknowledged,,70000
WD18010197,931523,conair gentle&flexible comb,Discontinued Item,/,,,Other,Case,47.0,,,0.001,0.047,,,DRY,,,,,,,Acknowledged,,1000
WD18010197,931524,conair ultimate tease comb,Discontinued Item,/,,,Other,Case,73.0,,,0.05,3.65,,,DRY,,,,,,,Acknowledged,,2000
WD18010197,974257,conair wide tooth rake lift comb,Discontinued Item,/,,,Other,Case,107.0,,,0.06,6.42,,,DRY,,,,,,,Acknowledged,,3000
WD18010197,974296,conair pony wrap 3 pc kit,Discontinued Item,/,,,Other,Case,139.0,,,0.06,8.34,,,DRY,,,,,,,Acknowledged,,4000
WD18010183,FEEMA 337890,MRE Kit BLT & Cookies,Disaster Relief,24/10 Pail,10,Pail,,Case,25.0,200.0,0.125,50.0,1250.0,,,DRY,10/20/2018,,100,10,1/27/2019,,Acknowledged,,1000
WD18010183,FEEMA 337891,MRE Kit PB&J W/ crackers,Disaster Relief,/ Bag,,Bag,,Bag,25.0,200.0,0.125,50.0,1250.0,,,DRY,10/20/2018,,,,10/20/2018,,Acknowledged,,2000
WD18010183,FEEMA 337892,MRE Kit lttl weenies & Soda,Disaster Relief,/ Bag,,Bag,,Bag,25.0,200.0,0.125,50.0,1250.0,,,DRY,10/20/2017,,,,10/20/2017,,Acknowledged,,3000
WD18010183,FEEMA 337894,MRE Kit Cheese & crkrs,Disaster Relief,/ Bag,,Bag,,Bag,25.0,200.0,0.125,50.0,1250.0,,,DRY,10/20/2018,,,,10/20/2018,,Acknowledged,,4000
WD18010186,ANMBLKCRM,cookies,Discontinued Item,/ Bag,,Bag,,Box,1.0,1.0,1.0,600.0,600.0,,,DRY,10/20/2018,,,1,10/21/2018,,Acknowledged,,1000
WD18010186,ANMTRYTWT,TRY WHT BRD 16oz,Discontinued Item,/ Bag,,Bag,,Box,20.0,30.0,0.66666667,30.0,600.0,,,DRY,10/20/2018,,,2,10/22/2018,,Acknowledged,,2000
WD18010186,ANMTRYHBN,TRY HOT BN 16oz,Discontinued Item,/ Bag,,Bag,,Box,20.0,30.0,0.66666667,30.0,600.0,,,DRY,10/20/2018,,,3,10/23/2018,,Acknowledged,,3000
WD18010186,ANMTRYHBN1,TRY HAM BN 16oz,Discontinued Item,/ Bag,,Bag,,Box,20.0,30.0,0.66666667,30.0,600.0,,,DRY,10/20/2018,,,4,10/24/2018,,Acknowledged,,4000
WD18010186,ANMTRYTWT,TRY WHT BRD 16oz,Discontinued Item,/ Bag,,Bag,,Box,20.0,30.0,0.66666667,30.0,600.0,,,DRY,10/20/2018,,,,10/20/2018,,Acknowledged,,5000
WD18010186,ANMTRYHBN,TRY HOT BN 16oz,Discontinued Item,/ Bag,,Bag,,Box,20.0,30.0,0.66666667,30.0,600.0,,,DRY,10/20/2018,,,,10/20/2018,,Acknowledged,,6000
WD18010186,ANMTRYHBN1,TRY HAM BN 16oz,Discontinued Item,/ Bag,,Bag,,Box,20.0,30.0,0.66666667,30.0,600.0,,,DRY,10/20/2018,,,,10/20/2018,,Acknowledged,,7000
WD18010186,ANMTRYTWT,TRY WHT BRD 16oz,Discontinued Item,/ Bag,,Bag,,Box,20.0,30.0,0.66666667,30.0,600.0,,,DRY,10/20/2018,,,,10/20/2018,,Acknowledged,,8000
WD18010186,ANMTRYHBN,TRY HOT BN 16oz,Discontinued Item,/ Bag,,Bag,,Box,20.0,30.0,0.66666667,30.0,600.0,,,DRY,10/20/2018,,,,10/20/2018,,Acknowledged,,9000
WD18010186,ANMTRYHBN1,TRY HAM BN 16oz,Discontinued Item,/ Bag,,Bag,,Box,20.0,30.0,0.66666667,30.0,600.0,,,DRY,10/20/2018,,,,10/20/2018,,Acknowledged,,10000
WD18010186,ANMTRYTWT,TRY WHT BRD 16oz,Discontinued Item,/ Bag,,Bag,,Box,20.0,30.0,0.66666667,30.0,600.0,,,DRY,10/20/2018,,,,10/20/2018,,Acknowledged,,11000
WD18010186,ANMTRYHBN,TRY HOT BN 16oz,Discontinued Item,/ Bag,,Bag,,Box,20.0,30.0,0.66666667,30.0,600.0,,,DRY,10/20/2018,,,,10/20/2018,,Acknowledged,,12000
WD18010186,ANMTRYHBN1,TRY HAM BN 16oz,Discontinued Item,/ Bag,,Bag,,Box,20.0,30.0,0.66666667,30.0,600.0,,,DRY,10/20/2018,,,,10/20/2018,,Acknowledged,,13000
WD18010186,ANMTRYTWT,TRY WHT BRD 16oz,Discontinued Item,/ Bag,,Bag,,Box,20.0,30.0,0.66666667,30.0,600.0,,,DRY,10/20/2018,,,,10/20/2018,,Acknowledged,,14000
WD18010186,ANMTRYHBN,TRY HOT BN 16oz,Discontinued Item,/ Bag,,Bag,,Box,20.0,30.0,0.66666667,30.0,600.0,,,DRY,10/20/2018,,,,10/20/2018,,Acknowledged,,15000
WD18010186,ANMTRYHBN1,TRY HAM BN 16oz,Discontinued Item,/ Bag,,Bag,,Box,20.0,30.0,0.66666667,30.0,600.0,,,DRY,10/20/2018,,,,10/20/2018,,Acknowledged,,16000
WD18010186,ANMTRYTWT,TRY WHT BRD 16oz,Discontinued Item,/ Bag,,Bag,,Box,20.0,30.0,0.66666667,30.0,600.0,,,DRY,10/20/2018,,,,10/20/2018,,Acknowledged,,17000
WD18010186,ANMTRYHBN,TRY HOT BN 16oz,Discontinued Item,/ Bag,,Bag,,Box,20.0,30.0,0.66666667,30.0,600.0,,,DRY,10/20/2018,,,,10/20/2018,,Acknowledged,,18000
WD18010186,ANMTRYHBN1,TRY HAM BN 16oz,Discontinued Item,/ Bag,,Bag,,Box,20.0,30.0,0.66666667,30.0,600.0,,,DRY,10/20/2018,,,,10/20/2018,,Acknowledged,,19000
WD18010198,931523,conair gentle&flexible comb,Discontinued Item,/,,,Other,Case,47.0,,,0.001,0.047,,,DRY,,,,,,,Acknowledged,,1000
WD18010198,931524,conair ultimate tease comb,Discontinued Item,/,,,Other,Case,73.0,,,0.05,3.65,,,DRY,,,,,,,Acknowledged,,2000
WD18010198,974257,conair wide tooth rake lift comb,Discontinued Item,/,,,Other,Case,107.0,,,0.06,6.42,,,DRY,,,,,,,Acknowledged,,3000
WD18010198,974296,conair pony wrap 3 pc kit,Discontinued Item,/,,,Other,Case,139.0,,,0.06,8.34,,,DRY,,,,,,,Acknowledged,,4000
WD18020029,270003897011,HNT PUREE TOM 12/29Z,Damaged,/,,,,,1.0,88.0,0.0,25.0,25.0,,,DRY,4/20/2017,,315,,3/1/2018,,Acknowledged,,1000
WD18020029,dan1,pdq tesing man dates with time,Damaged,/,,,,,1.0,12.0,100.0,1000.0,1000.0,,,DRY,12/12/2017,,,,12/12/2017,,Acknowledged,,2000
WD18020051,Chk63F321,BNLS BRST LRG SKNLS,Discontinued Item,/ Bag,,Bag,,Case,10.0,50.0,0.2,20.0,200.0,,,FROZEN,10/20/2017,,,,10/20/2017,,,,6000
WD18020051,Chk63F543,BNIN BRST LRG SKNON,Discontinued Item,/ Bag,,Bag,,Case,10.0,50.0,0.2,25.0,250.0,,,FROZEN,10/20/2018,,,,10/20/2018,,,,7000
WD18020051,Chk636T3,SML WING CSE,Discontinued Item,/ Bag,,Bag,,Carton,10.0,50.0,0.2,30.0,300.0,,,FROZEN,10/20/2018,,,,10/20/2018,,,,8000
WD18020051,Chk63F321,BNLS BRST LRG SKNLS,Discontinued Item,/ Bag,,Bag,,Case,10.0,50.0,0.2,20.0,200.0,,,FROZEN,10/20/2017,,,,10/20/2017,,,,9000
WD18020051,Chk63F543,BNIN BRST LRG SKNON,Discontinued Item,/ Bag,,Bag,,Case,10.0,50.0,0.2,25.0,250.0,,,FROZEN,10/20/2018,,,,10/20/2018,,,,10000
WD18020051,Chk636T3,SML WING CSE,Discontinued Item,/ Bag,,Bag,,Carton,10.0,50.0,0.2,30.0,300.0,,,FROZEN,10/20/2018,,,,10/20/2018,,,,11000
WD18020051,Chk63F321,BNLS BRST LRG SKNLS,Discontinued Item,/ Bag,,Bag,,Case,10.0,50.0,0.2,20.0,200.0,,,FROZEN,10/20/2017,,,,10/20/2017,,,,12000
WD18020051,Chk63F543,BNIN BRST LRG SKNON,Discontinued Item,/ Bag,,Bag,,Case,10.0,50.0,0.2,25.0,250.0,,,FROZEN,10/20/2018,,,,10/20/2018,,,,13000
WD18020051,Chk636T345,LRG WNG Bulk,Discontinued Item,/ Bag,,Bag,,Case,1.0,1.0,1.0,500.0,500.0,,,FROZEN,10/20/2018,,,,10/20/2018,,,,14000
WD18020051,Chk636T345,LRG WNG Bulk,Discontinued Item,/ Bag,,Bag,,Case,1.0,1.0,1.0,500.0,500.0,,,FROZEN,10/20/2018,,,,10/20/2018,,,,1000
WD18020051,Chk636T3,SML WING CSE,Discontinued Item,/ Bag,,Bag,,Carton,10.0,50.0,0.2,30.0,300.0,,,FROZEN,10/20/2018,,,,10/20/2018,,,,2000
WD18020051,Chk63F321,BNLS BRST LRG SKNLS,Discontinued Item,/ Bag,,Bag,,Case,10.0,50.0,0.2,20.0,200.0,,,FROZEN,10/20/2017,,,,10/20/2017,,,,3000
WD18020051,Chk63F543,BNIN BRST LRG SKNON,Discontinued Item,/ Bag,,Bag,,Case,10.0,50.0,0.2,25.0,250.0,,,FROZEN,10/20/2018,,,,10/20/2018,,,,4000
WD18020051,Chk636T3,SML WING CSE,Discontinued Item,/ Bag,,Bag,,Carton,10.0,50.0,0.2,30.0,300.0,,,FROZEN,10/20/2018,,,,10/20/2018,,,,5000
WD18020051,Chk636T3,SML WING CSE,Discontinued Item,/ Bag,,Bag,,Carton,10.0,50.0,0.2,30.0,300.0,,,FROZEN,10/20/2018,,,,10/20/2018,,,,15000
WD18010134,BRL9445TT,RD SUCE BRL,Discontinued Item,/,,,,,10.0,5.0,2.0,500.0,5000.0,,,DRY,10/20/2018,,,,10/20/2018,,,,1000
WD18010134,BCS2209MM,RD SCE 12oz,Discontinued Item,/,,,,,500.0,50.0,10.0,30.0,15000.0,,,DRY,10/20/2018,,,,10/20/2018,,,,2000
WD18010135,CMPCSCHIX,CHIK SP NDL 18oz,Discontinued Item,/,,,,,561.0,30.0,18.7,30.0,16830.0,,,DRY,10/20/2018,,,,10/20/2018,,,,2000
WD18010135,CMPCSBFBRT,BEEF SP PTO 18oz,Discontinued Item,/,,,,,399.0,30.0,13.3,30.0,11970.0,,,DRY,10/20/2018,,,,10/20/2018,,,,3000
WD18010135,CMPCSTMT,TOMT SP 18oz,Discontinued Item,/,,,,,775.0,30.0,25.8333333333333,30.0,23250.0,,,DRY,10/20/2018,,,,10/20/2018,,,,4000
WD18010136,ANMBLKCRM,BRD CRM BLK,Discontinued Item,/,,,,,1.0,1.0,1.0,600.0,600.0,,,DRY,10/20/2018,,,,10/20/2018,,,,1000
WD18010125,Chk636T345,LRG WNG Bulk,Discontinued Item,/ Bag,,Bag,,Case,1.0,1.0,1.0,500.0,500.0,,,FROZEN,10/20/2018,,,,10/20/2018,,,,1000
WD18010125,Chk636T3,SML WING CSE,Discontinued Item,/ Bag,,Bag,,Carton,214.0,50.0,4.28,30.0,6420.0,,,FROZEN,10/20/2018,,,,10/20/2018,,,,2000
WD18010136,ANMTRYTWT,TRY WHT BRD 16oz,Discontinued Item,/,,,,,20.0,30.0,0.666666666666667,30.0,600.0,,,DRY,10/20/2018,,,,10/20/2018,,,,2000
WD18020051,Chk63F321,BNLS BRST LRG SKNLS,Discontinued Item,/ Bag,,Bag,,Case,10.0,50.0,0.2,20.0,200.0,,,FROZEN,10/20/2017,,,,10/20/2017,,,,16000
WD18020051,Chk63F543,BNIN BRST LRG SKNON,Discontinued Item,/ Bag,,Bag,,Case,10.0,50.0,0.2,25.0,250.0,,,FROZEN,10/20/2018,,,,10/20/2018,,,,17000
WD18020051,Chk636T3,SML WING CSE,Discontinued Item,/ Bag,,Bag,,Carton,10.0,50.0,0.2,30.0,300.0,,,FROZEN,10/20/2018,,,,10/20/2018,,,,18000
WD18020051,Chk63F321,BNLS BRST LRG SKNLS,Discontinued Item,/ Bag,,Bag,,Case,10.0,50.0,0.2,20.0,200.0,,,FROZEN,10/20/2017,,,,10/20/2017,,,,19000
WD18010134,BCS22109MM,THN NDLS 16oz,Discontinued Item,/,,,,,247.0,50.0,4.94,20.0,4940.0,,,DRY,10/20/2017,,,,10/20/2017,,,,3000
WD18010134,BCS22209MM,WD NDLS 25oz,Discontinued Item,/,,,,,388.0,50.0,7.76,25.0,9700.0,,,DRY,10/20/2018,,,,10/20/2018,,,,4000
WD18010135,CMPBLKCH,BLK SP CHIX NDL,Discontinued Item,/,,,,,10.0,1.0,10.0,500.0,5000.0,,,DRY,10/20/2018,,,,10/20/2018,,,,1000
WD18010136,ANMTRYHBN,TRY HOT BN 16oz,Discontinued Item,/,,,,,20.0,30.0,0.666666666666667,30.0,600.0,,,DRY,10/20/2018,,,,10/20/2018,,,,3000
WD18010136,ANMTRYHBN1,TRY HAM BN 16oz,Discontinued Item,/,,,,,20.0,30.0,0.666666666666667,30.0,600.0,,,DRY,10/20/2018,,,,10/20/2018,,,,4000
WD18010136,ANMTRYTWT,TRY WHT BRD 16oz,Discontinued Item,/,,,,,20.0,30.0,0.666666666666667,30.0,600.0,,,DRY,10/20/2018,,,,10/20/2018,,,,5000
WD18010136,ANMTRYHBN,TRY HOT BN 16oz,Discontinued Item,/,,,,,20.0,30.0,0.666666666666667,30.0,600.0,,,DRY,10/20/2018,,,,10/20/2018,,,,6000
WD18010136,ANMTRYHBN1,TRY HAM BN 16oz,Discontinued Item,/,,,,,20.0,30.0,0.666666666666667,30.0,600.0,,,DRY,10/20/2018,,,,10/20/2018,,,,7000
WD18010136,ANMTRYTWT,TRY WHT BRD 16oz,Discontinued Item,/,,,,,20.0,30.0,0.666666666666667,30.0,600.0,,,DRY,10/20/2018,,,,10/20/2018,,,,8000
WD18010136,ANMTRYHBN,TRY HOT BN 16oz,Discontinued Item,/,,,,,20.0,30.0,0.666666666666667,30.0,600.0,,,DRY,10/20/2018,,,,10/20/2018,,,,9000
WD18010136,ANMTRYHBN1,TRY HAM BN 16oz,Discontinued Item,/,,,,,20.0,30.0,0.666666666666667,30.0,600.0,,,DRY,10/20/2018,,,,10/20/2018,,,,10000
WD18010136,ANMTRYTWT,TRY WHT BRD 16oz,Discontinued Item,/,,,,,20.0,30.0,0.666666666666667,30.0,600.0,,,DRY,10/20/2018,,,,10/20/2018,,,,11000
WD18010136,ANMTRYHBN,TRY HOT BN 16oz,Discontinued Item,/,,,,,20.0,30.0,0.666666666666667,30.0,600.0,,,DRY,10/20/2018,,,,10/20/2018,,,,12000
WD18010136,ANMTRYHBN1,TRY HAM BN 16oz,Discontinued Item,/,,,,,20.0,30.0,0.666666666666667,30.0,600.0,,,DRY,10/20/2018,,,,10/20/2018,,,,13000
WD18010136,ANMTRYTWT,TRY WHT BRD 16oz,Discontinued Item,/,,,,,20.0,30.0,0.666666666666667,30.0,600.0,,,DRY,10/20/2018,,,,10/20/2018,,,,14000
WD18010136,ANMTRYHBN,TRY HOT BN 16oz,Discontinued Item,/,,,,,20.0,30.0,0.666666666666667,30.0,600.0,,,DRY,10/20/2018,,,,10/20/2018,,,,15000
WD18010136,ANMTRYHBN1,TRY HAM BN 16oz,Discontinued Item,/,,,,,20.0,30.0,0.666666666666667,30.0,600.0,,,DRY,10/20/2018,,,,10/20/2018,,,,16000
WD18010136,ANMTRYTWT,TRY WHT BRD 16oz,Discontinued Item,/,,,,,20.0,30.0,0.666666666666667,30.0,600.0,,,DRY,10/20/2018,,,,10/20/2018,,,,17000
WD18010136,ANMTRYHBN,TRY HOT BN 16oz,Discontinued Item,/,,,,,20.0,30.0,0.666666666666667,30.0,600.0,,,DRY,10/20/2018,,,,10/20/2018,,,,18000
WD18010136,ANMTRYHBN1,TRY HAM BN 16oz,Discontinued Item,/,,,,,20.0,30.0,0.666666666666667,30.0,600.0,,,DRY,10/20/2018,,,,10/20/2018,,,,19000
WD18010137,CG 77001,LQD Choc Syrup,Seasonal Item,/,,,,,500.0,60.0,8.33333333333333,24.0,12000.0,,,Refrigerated,1/20/2018,,,90,1/20/2018,,,,1000
WD18010137,CG 77002,LQD Rasp Syrup,Seasonal Item,/,,,,,500.0,60.0,8.33333333333333,24.0,12000.0,,,Refrigerated,1/20/2018,,,90,1/20/2018,,,,2000
WD18010138,CMPBLKCH,BLK SP CHIX NDL,Discontinued Item,/,,,,,1.0,1.0,1.0,500.0,500.0,,,DRY,10/20/2018,,,,10/20/2018,,,,1000
WD18010138,CMPCSCHIX,CHIK SP NDL 18oz,Discontinued Item,/,,,,,561.0,30.0,18.7,30.0,16830.0,,,DRY,10/20/2018,,,,10/20/2018,,,,2000
WD18010138,CMPCSBFBRT,BEEF SP PTO 18oz,Discontinued Item,/,,,,,399.0,30.0,13.3,30.0,11970.0,,,DRY,10/20/2018,,,,10/20/2018,,,,3000
WD18010138,CMPCSTMT,TOMT SP 18oz,Discontinued Item,/,,,,,775.0,30.0,25.8333333333333,30.0,23250.0,,,DRY,10/20/2018,,,,10/20/2018,,,,4000
WD18010138,CMPCSCHIX,CHIK SP NDL 18oz,Discontinued Item,/,,,,,561.0,30.0,18.7,30.0,16830.0,,,DRY,10/20/2018,,,,10/20/2018,,,,5000
WD18010138,CMPCSBFBRT,BEEF SP PTO 18oz,Discontinued Item,/,,,,,399.0,30.0,13.3,30.0,11970.0,,,DRY,10/20/2018,,,,10/20/2018,,,,6000
WD18010138,CMPCSTMT,TOMT SP 18oz,Discontinued Item,/,,,,,775.0,30.0,25.8333333333333,30.0,23250.0,,,DRY,10/20/2018,,,,10/20/2018,,,,7000
WD18010138,CMPCSCHIX,CHIK SP NDL 18oz,Discontinued Item,/,,,,,561.0,30.0,18.7,30.0,16830.0,,,DRY,10/20/2018,,,,10/20/2018,,,,8000
WD18010138,CMPCSBFBRT,BEEF SP PTO 18oz,Discontinued Item,/,,,,,399.0,30.0,13.3,30.0,11970.0,,,DRY,10/20/2018,,,,10/20/2018,,,,9000
WD18010138,CMPCSTMT,TOMT SP 18oz,Discontinued Item,/,,,,,775.0,30.0,25.8333333333333,30.0,23250.0,,,DRY,10/20/2018,,,,10/20/2018,,,,10000
WD18010138,CMPCSCHIX,CHIK SP NDL 18oz,Discontinued Item,/,,,,,561.0,30.0,18.7,30.0,16830.0,,,DRY,10/20/2018,,,,10/20/2018,,,,11000
WD18010138,CMPCSBFBRT,BEEF SP PTO 18oz,Discontinued Item,/,,,,,399.0,30.0,13.3,30.0,11970.0,,,DRY,10/20/2018,,,,10/20/2018,,,,12000
WD18010138,CMPCSTMT,TOMT SP 18oz,Discontinued Item,/,,,,,775.0,30.0,25.8333333333333,30.0,23250.0,,,DRY,10/20/2018,,,,10/20/2018,,,,13000
WD18010138,CMPCSCHIX,CHIK SP NDL 18oz,Discontinued Item,/,,,,,561.0,30.0,18.7,30.0,16830.0,,,DRY,10/20/2018,,,,10/20/2018,,,,14000
WD18010138,CMPCSBFBRT,BEEF SP PTO 18oz,Discontinued Item,/,,,,,399.0,30.0,13.3,30.0,11970.0,,,DRY,10/20/2018,,,,10/20/2018,,,,15000
WD18010138,CMPCSTMT,TOMT SP 18oz,Discontinued Item,/,,,,,775.0,30.0,25.8333333333333,30.0,23250.0,,,DRY,10/20/2018,,,,10/20/2018,,,,16000
WD18020051,Chk63F543,BNIN BRST LRG SKNON,Discontinued Item,/ Bag,,Bag,,Case,10.0,50.0,0.2,25.0,250.0,,,FROZEN,10/20/2018,,,,10/20/2018,,,,23000
WD18020051,Chk63F543,BNIN BRST LRG SKNON,Discontinued Item,/ Bag,,Bag,,Case,10.0,50.0,0.2,25.0,250.0,,,FROZEN,10/20/2018,,,,10/20/2018,,,,20000
WD18020051,Chk636T3,SML WING CSE,Discontinued Item,/ Bag,,Bag,,Carton,10.0,50.0,0.2,30.0,300.0,,,FROZEN,10/20/2018,,,,10/20/2018,,,,21000
WD18020051,Chk63F321,BNLS BRST LRG SKNLS,Discontinued Item,/ Bag,,Bag,,Case,10.0,50.0,0.2,20.0,200.0,,,FROZEN,10/20/2017,,,,10/20/2017,,,,22000
WD18020051,Chk636T3,SML WING CSE,Discontinued Item,/ Bag,,Bag,,Carton,10.0,50.0,0.2,30.0,300.0,,,FROZEN,10/20/2018,,,,10/20/2018,,,,24000
WD18020051,Chk63F321,BNLS BRST LRG SKNLS,Discontinued Item,/ Bag,,Bag,,Case,10.0,50.0,0.2,20.0,200.0,,,FROZEN,10/20/2017,,,,10/20/2017,,,,25000
WD18020051,Chk63F543,BNIN BRST LRG SKNON,Discontinued Item,/ Bag,,Bag,,Case,10.0,50.0,0.2,25.0,250.0,,,FROZEN,10/20/2018,,,,10/20/2018,,,,26000
WD18020051,Chk636T345,LRG WNG Bulk,Discontinued Item,/ Bag,,Bag,,Case,1.0,1.0,1.0,500.0,500.0,,,FROZEN,10/20/2018,,,,10/20/2018,,,,27000
WD18020051,Chk636T3,SML WING CSE,Discontinued Item,/ Bag,,Bag,,Carton,10.0,50.0,0.2,30.0,300.0,,,FROZEN,10/20/2018,,,,10/20/2018,,,,28000
WD18020051,Chk63F321,BNLS BRST LRG SKNLS,Discontinued Item,/ Bag,,Bag,,Case,10.0,50.0,0.2,20.0,200.0,,,FROZEN,10/20/2017,,,,10/20/2017,,,,29000
WD18020051,Chk63F543,BNIN BRST LRG SKNON,Discontinued Item,/ Bag,,Bag,,Case,10.0,50.0,0.2,25.0,250.0,,,FROZEN,10/20/2018,,,,10/20/2018,,,,30000
WD18020051,Chk636T3,SML WING CSE,Discontinued Item,/ Bag,,Bag,,Carton,10.0,50.0,0.2,30.0,300.0,,,FROZEN,10/20/2018,,,,10/20/2018,,,,31000
WD18020051,Chk63F321,BNLS BRST LRG SKNLS,Discontinued Item,/ Bag,,Bag,,Case,10.0,50.0,0.2,20.0,200.0,,,FROZEN,10/20/2017,,,,10/20/2017,,,,32000
WD18020051,Chk63F543,BNIN BRST LRG SKNON,Discontinued Item,/ Bag,,Bag,,Case,10.0,50.0,0.2,25.0,250.0,,,FROZEN,10/20/2018,,,,10/20/2018,,,,33000
WD18020051,Chk636T3,SML WING CSE,Discontinued Item,/ Bag,,Bag,,Carton,10.0,50.0,0.2,30.0,300.0,,,FROZEN,10/20/2018,,,,10/20/2018,,,,34000
WD18020051,Chk63F321,BNLS BRST LRG SKNLS,Discontinued Item,/ Bag,,Bag,,Case,10.0,50.0,0.2,20.0,200.0,,,FROZEN,10/20/2017,,,,10/20/2017,,,,35000
WD18020051,Chk63F543,BNIN BRST LRG SKNON,Discontinued Item,/ Bag,,Bag,,Case,10.0,50.0,0.2,25.0,250.0,,,FROZEN,10/20/2018,,,,10/20/2018,,,,36000
WD18020051,Chk636T3,SML WING CSE,Discontinued Item,/ Bag,,Bag,,Carton,10.0,50.0,0.2,30.0,300.0,,,FROZEN,10/20/2018,,,,10/20/2018,,,,37000
WD18020051,Chk63F321,BNLS BRST LRG SKNLS,Discontinued Item,/ Bag,,Bag,,Case,10.0,50.0,0.2,20.0,200.0,,,FROZEN,10/20/2017,,,,10/20/2017,,,,38000
WD18020051,Chk63F543,BNIN BRST LRG SKNON,Discontinued Item,/ Bag,,Bag,,Case,10.0,50.0,0.2,25.0,250.0,,,FROZEN,10/20/2018,,,,10/20/2018,,,,39000
WD18020051,Chk636T345,LRG WNG Bulk,Discontinued Item,/ Bag,,Bag,,Case,1.0,1.0,1.0,500.0,500.0,,,FROZEN,10/20/2018,,,,10/20/2018,,,,40000
WD18020051,Chk636T3,SML WING CSE,Discontinued Item,/ Bag,,Bag,,Carton,10.0,50.0,0.2,30.0,300.0,,,FROZEN,10/20/2018,,,,10/20/2018,,,,41000
WD18020051,Chk63F321,BNLS BRST LRG SKNLS,Discontinued Item,/ Bag,,Bag,,Case,10.0,50.0,0.2,20.0,200.0,,,FROZEN,10/20/2017,,,,10/20/2017,,,,42000
WD18020051,Chk63F543,BNIN BRST LRG SKNON,Discontinued Item,/ Bag,,Bag,,Case,10.0,50.0,0.2,25.0,250.0,,,FROZEN,10/20/2018,,,,10/20/2018,,,,43000
WD18020051,Chk636T3,SML WING CSE,Discontinued Item,/ Bag,,Bag,,Carton,10.0,50.0,0.2,30.0,300.0,,,FROZEN,10/20/2018,,,,10/20/2018,,,,44000
WD18020051,Chk63F321,BNLS BRST LRG SKNLS,Discontinued Item,/ Bag,,Bag,,Case,10.0,50.0,0.2,20.0,200.0,,,FROZEN,10/20/2017,,,,10/20/2017,,,,45000
WD18020051,Chk63F543,BNIN BRST LRG SKNON,Discontinued Item,/ Bag,,Bag,,Case,10.0,50.0,0.2,25.0,250.0,,,FROZEN,10/20/2018,,,,10/20/2018,,,,46000
WD18020051,Chk636T3,SML WING CSE,Discontinued Item,/ Bag,,Bag,,Carton,10.0,50.0,0.2,30.0,300.0,,,FROZEN,10/20/2018,,,,10/20/2018,,,,47000
WD18020051,Chk63F321,BNLS BRST LRG SKNLS,Discontinued Item,/ Bag,,Bag,,Case,10.0,50.0,0.2,20.0,200.0,,,FROZEN,10/20/2017,,,,10/20/2017,,,,48000
WD18020051,Chk63F543,BNIN BRST LRG SKNON,Discontinued Item,/ Bag,,Bag,,Case,10.0,50.0,0.2,25.0,250.0,,,FROZEN,10/20/2018,,,,10/20/2018,,,,49000
WD18020051,Chk636T3,SML WING CSE,Discontinued Item,/ Bag,,Bag,,Carton,10.0,50.0,0.2,30.0,300.0,,,FROZEN,10/20/2018,,,,10/20/2018,,,,50000
WD18020051,Chk63F321,BNLS BRST LRG SKNLS,Discontinued Item,/ Bag,,Bag,,Case,10.0,50.0,0.2,20.0,200.0,,,FROZEN,10/20/2017,,,,10/20/2017,,,,51000
WD18020051,Chk63F543,BNIN BRST LRG SKNON,Discontinued Item,/ Bag,,Bag,,Case,10.0,50.0,0.2,25.0,250.0,,,FROZEN,10/20/2018,,,,10/20/2018,,,,52000
WD18020051,Chk636T345,LRG WNG Bulk,Discontinued Item,/ Bag,,Bag,,Case,1.0,1.0,1.0,500.0,500.0,,,FROZEN,10/20/2018,,,,10/20/2018,,,,53000
WD18020051,Chk636T3,SML WING CSE,Discontinued Item,/ Bag,,Bag,,Carton,10.0,50.0,0.2,30.0,300.0,,,FROZEN,10/20/2018,,,,10/20/2018,,,,54000
WD18020051,Chk63F321,BNLS BRST LRG SKNLS,Discontinued Item,/ Bag,,Bag,,Case,10.0,50.0,0.2,20.0,200.0,,,FROZEN,10/20/2017,,,,10/20/2017,,,,55000
WD18020051,Chk63F543,BNIN BRST LRG SKNON,Discontinued Item,/ Bag,,Bag,,Case,10.0,50.0,0.2,25.0,250.0,,,FROZEN,10/20/2018,,,,10/20/2018,,,,56000
WD18020051,Chk636T3,SML WING CSE,Discontinued Item,/ Bag,,Bag,,Carton,10.0,50.0,0.2,30.0,300.0,,,FROZEN,10/20/2018,,,,10/20/2018,,,,57000
WD18020051,Chk63F321,BNLS BRST LRG SKNLS,Discontinued Item,/ Bag,,Bag,,Case,10.0,50.0,0.2,20.0,200.0,,,FROZEN,10/20/2017,,,,10/20/2017,,,,58000
WD18020051,Chk63F543,BNIN BRST LRG SKNON,Discontinued Item,/ Bag,,Bag,,Case,10.0,50.0,0.2,25.0,250.0,,,FROZEN,10/20/2018,,,,10/20/2018,,,,59000
WD18020051,Chk636T3,SML WING CSE,Discontinued Item,/ Bag,,Bag,,Carton,10.0,50.0,0.2,30.0,300.0,,,FROZEN,10/20/2018,,,,10/20/2018,,,,60000
WD18020051,Chk63F321,BNLS BRST LRG SKNLS,Discontinued Item,/ Bag,,Bag,,Case,10.0,50.0,0.2,20.0,200.0,,,FROZEN,10/20/2017,,,,10/20/2017,,,,61000
WD18020051,Chk63F543,BNIN BRST LRG SKNON,Discontinued Item,/ Bag,,Bag,,Case,10.0,50.0,0.2,25.0,250.0,,,FROZEN,10/20/2018,,,,10/20/2018,,,,62000
WD18020051,Chk636T3,SML WING CSE,Discontinued Item,/ Bag,,Bag,,Carton,10.0,50.0,0.2,30.0,300.0,,,FROZEN,10/20/2018,,,,10/20/2018,,,,63000
